post_id,platform,username,user_id,profile_verified,profile_followers,post_url,image_url,caption,hashtags,mentions,language_hint,location,fashion_category,timestamp,likes,comments,scraped_at,collection_method,hashtag_text,hashtag_count,combined_text,emoji_text,emoji_count,clean_text,text_length,mention_count,detected_language,primary_language,is_multilingual,word_count
IG_000001,Instagram,urbanlook,U100000,False,73658,https://instagram.com/p/1000,https://cdn.example.com/img/1.jpg,,[],[],mixed_en_ur,"Manchester, UK",casual,2026-05-01T00:00:00Z,48545,2233,2026-06-07T12:00:00Z,synthetic Instagram-like dataset,,0,,,0,,0,0,unknown,mixed,True,0
IG_000002,Instagram,style_daily,U100001,False,265451,https://instagram.com/p/1001,https://cdn.example.com/img/2.jpg,,[],[],en,"London, UK",vintage,2026-05-01T00:37:00Z,13036,2932,2026-06-07T12:00:00Z,synthetic Instagram-like dataset,,0,,,0,,0,0,unknown,english,False,0
IG_000003,Instagram,luxuryedit,U100002,False,456263,https://instagram.com/p/1002,https://cdn.example.com/img/3.jpg,Weekend vibes 😍 یہ رنگ بہت خوبصورت ہے,[],['zara'],mixed_en_ur,"Manchester, UK",luxury,2026-05-01T01:14:00Z,45758,1731,2026-06-07T12:00:00Z,synthetic Instagram-like dataset,,0,Weekend vibes 😍 یہ رنگ بہت خوبصورت ہے zara,Weekend vibes  smiling_face_with_heart-eyes  یہ رنگ بہت خوبصورت ہے zara,1,weekend vibes smiling_face_with_heart eyes یہ رنگ بہت خوبصورت ہے zara,69,1,english,mixed,True,10
IG_000004,Instagram,urbanlook,U100003,False,199691,https://instagram.com/p/1003,https://cdn.example.com/img/4.jpg,أحب هذا اللوك كثيراً     ,[],['zara'],ar,"Dubai, UAE",modest,2026-05-01T01:51:00Z,39570,1083,2026-06-07T12:00:00Z,synthetic Instagram-like dataset,,0,أحب هذا اللوك كثيراً zara,أحب هذا اللوك كثيراً zara,0,ا حب هذا اللوك كثيرا zara,25,1,arabic,arabic,False,6
IG_000005,Instagram,luxuryedit,U100004,False,484048,https://instagram.com/p/1004,https://cdn.example.com/img/5.jpg,Amazing style 🔥 هذا اللوك رائع,[],[],mixed_en_ar,"Doha, Qatar",vintage,2026-05-01T02:28:00Z,19218,2574,2026-06-07T12:00:00Z,synthetic Instagram-like dataset,,0,Amazing style 🔥 هذا اللوك رائع,Amazing style  fire  هذا اللوك رائع,1,amazing style fire هذا اللوك راي ع,34,0,english,mixed,True,7
IG_000006,Instagram,trendwave,U100005,True,347192,https://instagram.com/p/1005,https://cdn.example.com/img/6.jpg,Nuevo look para el verano,[],['zara'],es,"Madrid, Spain",modest,2026-05-01T03:05:00Z,5234,953,2026-06-07T12:00:00Z,synthetic Instagram-like dataset,,0,Nuevo look para el verano zara,Nuevo look para el verano zara,0,nuevo look para el verano zara,30,1,spanish,spanish,False,6
IG_000007,Instagram,modest.style,U100006,False,191777,https://instagram.com/p/1006,https://cdn.example.com/img/7.jpg,Amazing style 🔥 هذا اللوك رائع,[],['zara'],mixed_en_ar,"Doha, Qatar",modest,2026-05-01T03:42:00Z,13735,2745,2026-06-07T12:00:00Z,synthetic Instagram-like dataset,,0,Amazing style 🔥 هذا اللوك رائع zara,Amazing style  fire  هذا اللوك رائع zara,1,amazing style fire هذا اللوك راي ع zara,39,1,english,mixed,True,8
IG_000008,Instagram,fashionhub,U100007,False,128851,https://instagram.com/p/1007,https://cdn.example.com/img/8.jpg,هذا الفستان رائع ✨ #موضة,['موضة'],['zara'],ar,"Dubai, UAE",sportswear,2026-05-01T04:19:00Z,17696,2621,2026-06-07T12:00:00Z,synthetic Instagram-like dataset,موضة,1,هذا الفستان رائع ✨ #موضة موضة zara,هذا الفستان رائع  sparkles  #موضة موضة zara,1,هذا الفستان راي ع sparkles موضة موضة zara,41,1,arabic,arabic,False,8
IG_000009,Instagram,style_daily,U100008,False,17329,https://instagram.com/p/1008,https://cdn.example.com/img/9.jpg,Love this outfit ❤️ مجھے یہ look بہت پسند آیا,[],[],mixed_en_ur,"Manchester, UK",sportswear,2026-05-01T04:56:00Z,17551,271,2026-06-07T12:00:00Z,synthetic Instagram-like dataset,,0,Love this outfit ❤️ مجھے یہ look بہت پسند آیا,Love this outfit  red_heart  مجھے یہ look بہت پسند آیا,1,love this outfit red_heart مجھے یہ look بہت پسند ا یا,53,0,english,mixed,True,11
IG_000010,Instagram,modest.style,U100009,False,479986,https://instagram.com/p/1009,https://cdn.example.com/img/10.jpg,مجھے یہ لباس بہت پسند آیا,[],[],ur,"Lahore, Pakistan",luxury,2026-05-01T05:33:00Z,17364,571,2026-06-07T12:00:00Z,synthetic Instagram-like dataset,,0,مجھے یہ لباس بہت پسند آیا,مجھے یہ لباس بہت پسند آیا,0,مجھے یہ لباس بہت پسند ا یا,26,0,urdu,urdu,False,7
IG_000011,Instagram,modest.style,U100010,False,209900,https://instagram.com/p/1010,https://cdn.example.com/img/11.jpg,مجھے یہ لباس بہت پسند آیا,[],[],ur,"Lahore, Pakistan",luxury,2026-05-01T06:10:00Z,33397,2021,2026-06-07T12:00:00Z,synthetic Instagram-like dataset,,0,مجھے یہ لباس بہت پسند آیا,مجھے یہ لباس بہت پسند آیا,0,مجھے یہ لباس بہت پسند ا یا,26,0,urdu,urdu,False,7
IG_000012,Instagram,fashionhub,U100011,False,415777,https://instagram.com/p/1011,https://cdn.example.com/img/12.jpg,Love this oversized blazer 😍 #fashion #streetstyle,"['streetstyle', 'fashion']",[],en,"London, UK",vintage,2026-05-01T06:47:00Z,4168,1576,2026-06-07T12:00:00Z,synthetic Instagram-like dataset,streetstyle fashion,2,Love this oversized blazer 😍 #fashion #streetstyle streetstyle fashion,Love this oversized blazer  smiling_face_with_heart-eyes  #fashion #streetstyle streetstyle fashion,1,love this oversized blazer smiling_face_with_heart eyes fashion streetstyle streetstyle fashion,95,0,english,english,False,10
IG_000013,Instagram,luxuryedit,U100012,False,6519,https://instagram.com/p/1012,https://cdn.example.com/img/13.jpg,Nouvelle collection &amp; disponible,[],[],fr,"Paris, France",streetwear,2026-05-01T07:24:00Z,44681,2199,2026-06-07T12:00:00Z,synthetic Instagram-like dataset,,0,Nouvelle collection &amp; disponible,Nouvelle collection &amp; disponible,0,nouvelle collection disponible,30,0,french,french,False,3
IG_000014,Instagram,urbanlook,U100013,False,228442,https://instagram.com/p/1013,https://cdn.example.com/img/14.jpg,Love these shoes ❤️ أحب هذا التصميم,[],['zara'],mixed_en_ar,"Doha, Qatar",streetwear,2026-05-01T08:01:00Z,47328,2947,2026-06-07T12:00:00Z,synthetic Instagram-like dataset,,0,Love these shoes ❤️ أحب هذا التصميم zara,Love these shoes  red_heart  أحب هذا التصميم zara,1,love these shoes red_heart ا حب هذا التصميم zara,48,1,english,mixed,True,9
IG_000015,Instagram,style_daily,U100014,False,156971,https://instagram.com/p/1014,https://cdn.example.com/img/15.jpg,هذا الفستان رائع ✨ #موضة,['موضة'],[],ar,"Dubai, UAE",vintage,2026-05-01T08:38:00Z,39914,814,2026-06-07T12:00:00Z,synthetic Instagram-like dataset,موضة,1,هذا الفستان رائع ✨ #موضة موضة,هذا الفستان رائع  sparkles  #موضة موضة,1,هذا الفستان راي ع sparkles موضة موضة,36,0,arabic,arabic,False,7
IG_000016,Instagram,luxuryedit,U100015,False,484121,https://instagram.com/p/1015,https://cdn.example.com/img/16.jpg,مجھے یہ لباس بہت پسند آیا,[],[],ur,"Lahore, Pakistan",streetwear,2026-05-01T09:15:00Z,39257,1327,2026-06-07T12:00:00Z,synthetic Instagram-like dataset,,0,مجھے یہ لباس بہت پسند آیا,مجھے یہ لباس بہت پسند آیا,0,مجھے یہ لباس بہت پسند ا یا,26,0,urdu,urdu,False,7
IG_000017,Instagram,urbanlook,U100016,False,436532,https://instagram.com/p/1016,https://cdn.example.com/img/17.jpg,J'adore cette robe élégante ✨ #mode     ,['mode'],[],fr,"Paris, France",luxury,2026-05-01T09:52:00Z,3801,986,2026-06-07T12:00:00Z,synthetic Instagram-like dataset,mode,1,J'adore cette robe élégante ✨ #mode mode,J'adore cette robe élégante  sparkles  #mode mode,1,j adore cette robe e le gante sparkles mode mode,48,0,german,french,False,10
IG_000018,Instagram,modest.style,U100017,False,399274,https://instagram.com/p/1017,https://cdn.example.com/img/18.jpg,Me encanta este vestido 😍 #moda     ,['moda'],[],es,"Madrid, Spain",luxury,2026-05-01T10:29:00Z,8419,2702,2026-06-07T12:00:00Z,synthetic Instagram-like dataset,moda,1,Me encanta este vestido 😍 #moda moda,Me encanta este vestido  smiling_face_with_heart-eyes  #moda moda,1,me encanta este vestido smiling_face_with_heart eyes moda moda,62,0,spanish,spanish,False,8
IG_000019,Instagram,luxuryedit,U100018,False,111543,https://instagram.com/p/1018,https://cdn.example.com/img/19.jpg,J'adore cette robe élégante ✨ #mode,['mode'],[],fr,"Paris, France",casual,2026-05-01T11:06:00Z,45216,823,2026-06-07T12:00:00Z,synthetic Instagram-like dataset,mode,1,J'adore cette robe élégante ✨ #mode mode,J'adore cette robe élégante  sparkles  #mode mode,1,j adore cette robe e le gante sparkles mode mode,48,0,german,french,False,10
IG_000020,Instagram,trendwave,U100019,False,230190,https://instagram.com/p/1019,https://cdn.example.com/img/20.jpg,Weekend vibes 😍 یہ رنگ بہت خوبصورت ہے,[],[],mixed_en_ur,"Manchester, UK",sportswear,2026-05-01T11:43:00Z,7935,1015,2026-06-07T12:00:00Z,synthetic Instagram-like dataset,,0,Weekend vibes 😍 یہ رنگ بہت خوبصورت ہے,Weekend vibes  smiling_face_with_heart-eyes  یہ رنگ بہت خوبصورت ہے,1,weekend vibes smiling_face_with_heart eyes یہ رنگ بہت خوبصورت ہے,64,0,english,mixed,True,9
IG_000021,Instagram,luxuryedit,U100020,False,309012,https://instagram.com/p/1020,https://cdn.example.com/img/21.jpg,یہ عبایا بہت خوبصورت ہے 😍 #fashion,['fashion'],['zara'],ur,"Lahore, Pakistan",streetwear,2026-05-01T12:20:00Z,46394,2584,2026-06-07T12:00:00Z,synthetic Instagram-like dataset,fashion,1,یہ عبایا بہت خوبصورت ہے 😍 #fashion fashion zara,یہ عبایا بہت خوبصورت ہے  smiling_face_with_heart-eyes  #fashion fashion zara,1,یہ عبایا بہت خوبصورت ہے smiling_face_with_heart eyes fashion fashion zara,73,1,english,urdu,False,10
IG_000022,Instagram,style_daily,U100021,False,37649,https://instagram.com/p/1021,https://cdn.example.com/img/22.jpg,,[],[],en,"London, UK",modest,2026-05-01T12:57:00Z,43847,1988,2026-06-07T12:00:00Z,synthetic Instagram-like dataset,,0,,,0,,0,0,unknown,english,False,0
IG_000023,Instagram,luxuryedit,U100022,False,127900,https://instagram.com/p/1022,https://cdn.example.com/img/23.jpg,یہ عبایا بہت خوبصورت ہے 😍 #fashion,['fashion'],[],ur,"Lahore, Pakistan",sportswear,2026-05-01T13:34:00Z,12483,386,2026-06-07T12:00:00Z,synthetic Instagram-like dataset,fashion,1,یہ عبایا بہت خوبصورت ہے 😍 #fashion fashion,یہ عبایا بہت خوبصورت ہے  smiling_face_with_heart-eyes  #fashion fashion,1,یہ عبایا بہت خوبصورت ہے smiling_face_with_heart eyes fashion fashion,68,0,english,urdu,False,9
IG_000024,Instagram,modest.style,U100023,False,382745,https://instagram.com/p/1023,https://cdn.example.com/img/24.jpg,Summer linen set is everything! Visit https://bit.ly/look @zara,[],['zara'],en,"London, UK",casual,2026-05-01T14:11:00Z,42353,403,2026-06-07T12:00:00Z,synthetic Instagram-like dataset,,0,Summer linen set is everything! Visit https://bit.ly/look @zara zara,Summer linen set is everything! Visit https://bit.ly/look @zara zara,0,summer linen set is everything visit zara,41,1,english,english,False,7
IG_000025,Instagram,style_daily,U100024,False,100224,https://instagram.com/p/1024,https://cdn.example.com/img/25.jpg,Summer linen set is everything! Visit https://bit.ly/look @zara,[],[],en,"London, UK",luxury,2026-05-01T14:48:00Z,27653,751,2026-06-07T12:00:00Z,synthetic Instagram-like dataset,,0,Summer linen set is everything! Visit https://bit.ly/look @zara,Summer linen set is everything! Visit https://bit.ly/look @zara,0,summer linen set is everything visit,36,0,english,english,False,6
IG_000026,Instagram,style_daily,U100025,False,452094,https://instagram.com/p/1025,https://cdn.example.com/img/26.jpg,أحب هذا اللوك كثيراً,[],[],ar,"Dubai, UAE",streetwear,2026-05-01T15:25:00Z,3320,2671,2026-06-07T12:00:00Z,synthetic Instagram-like dataset,,0,أحب هذا اللوك كثيراً,أحب هذا اللوك كثيراً,0,ا حب هذا اللوك كثيرا,20,0,arabic,arabic,False,5
IG_000027,Instagram,fashionhub,U100026,False,255115,https://instagram.com/p/1026,https://cdn.example.com/img/27.jpg,Me encanta este vestido 😍 #moda,['moda'],[],es,"Madrid, Spain",sportswear,2026-05-01T16:02:00Z,3847,674,2026-06-07T12:00:00Z,synthetic Instagram-like dataset,moda,1,Me encanta este vestido 😍 #moda moda,Me encanta este vestido  smiling_face_with_heart-eyes  #moda moda,1,me encanta este vestido smiling_face_with_heart eyes moda moda,62,0,spanish,spanish,False,8
IG_000028,Instagram,urbanlook,U100027,False,412133,https://instagram.com/p/1027,https://cdn.example.com/img/28.jpg,J'adore cette robe élégante ✨ #mode,['mode'],[],fr,"Paris, France",sportswear,2026-05-01T16:39:00Z,45656,2992,2026-06-07T12:00:00Z,synthetic Instagram-like dataset,mode,1,J'adore cette robe élégante ✨ #mode mode,J'adore cette robe élégante  sparkles  #mode mode,1,j adore cette robe e le gante sparkles mode mode,48,0,german,french,False,10
IG_000029,Instagram,urbanlook,U100028,False,31162,https://instagram.com/p/1028,https://cdn.example.com/img/29.jpg,Love these shoes ❤️ أحب هذا التصميم     ,[],[],mixed_en_ar,"Doha, Qatar",vintage,2026-05-01T17:16:00Z,3999,1284,2026-06-07T12:00:00Z,synthetic Instagram-like dataset,,0,Love these shoes ❤️ أحب هذا التصميم,Love these shoes  red_heart  أحب هذا التصميم,1,love these shoes red_heart ا حب هذا التصميم,43,0,english,mixed,True,8
IG_000030,Instagram,luxuryedit,U100029,False,278963,https://instagram.com/p/1029,https://cdn.example.com/img/30.jpg,Love this oversized blazer 😍 #fashion #streetstyle,"['streetstyle', 'fashion']",['zara'],en,"London, UK",vintage,2026-05-01T17:53:00Z,5255,761,2026-06-07T12:00:00Z,synthetic Instagram-like dataset,streetstyle fashion,2,Love this oversized blazer 😍 #fashion #streetstyle streetstyle fashion zara,Love this oversized blazer  smiling_face_with_heart-eyes  #fashion #streetstyle streetstyle fashion zara,1,love this oversized blazer smiling_face_with_heart eyes fashion streetstyle streetstyle fashion zara,100,1,english,english,False,11
IG_000031,Instagram,fashionhub,U100030,False,494167,https://instagram.com/p/1030,https://cdn.example.com/img/31.jpg,Love this oversized blazer 😍 #fashion #streetstyle,"['streetstyle', 'fashion']",[],en,"London, UK",luxury,2026-05-01T18:30:00Z,37945,2435,2026-06-07T12:00:00Z,synthetic Instagram-like dataset,streetstyle fashion,2,Love this oversized blazer 😍 #fashion #streetstyle streetstyle fashion,Love this oversized blazer  smiling_face_with_heart-eyes  #fashion #streetstyle streetstyle fashion,1,love this oversized blazer smiling_face_with_heart eyes fashion streetstyle streetstyle fashion,95,0,english,english,False,10
IG_000032,Instagram,luxuryedit,U100031,False,166368,https://instagram.com/p/1031,https://cdn.example.com/img/32.jpg,Love this oversized blazer 😍 #fashion #streetstyle,"['streetstyle', 'fashion']",[],en,"London, UK",luxury,2026-05-01T19:07:00Z,43896,2933,2026-06-07T12:00:00Z,synthetic Instagram-like dataset,streetstyle fashion,2,Love this oversized blazer 😍 #fashion #streetstyle streetstyle fashion,Love this oversized blazer  smiling_face_with_heart-eyes  #fashion #streetstyle streetstyle fashion,1,love this oversized blazer smiling_face_with_heart eyes fashion streetstyle streetstyle fashion,95,0,english,english,False,10
IG_000033,Instagram,fashionhub,U100032,False,157784,https://instagram.com/p/1032,https://cdn.example.com/img/33.jpg,هذا الفستان رائع ✨ #موضة,['موضة'],[],ar,"Dubai, UAE",streetwear,2026-05-01T19:44:00Z,615,1877,2026-06-07T12:00:00Z,synthetic Instagram-like dataset,موضة,1,هذا الفستان رائع ✨ #موضة موضة,هذا الفستان رائع  sparkles  #موضة موضة,1,هذا الفستان راي ع sparkles موضة موضة,36,0,arabic,arabic,False,7
IG_000034,Instagram,fashionhub,U100033,False,69945,https://instagram.com/p/1033,https://cdn.example.com/img/34.jpg,,[],[],es,"Madrid, Spain",streetwear,2026-05-01T20:21:00Z,16014,1513,2026-06-07T12:00:00Z,synthetic Instagram-like dataset,,0,,,0,,0,0,unknown,spanish,False,0
IG_000035,Instagram,luxuryedit,U100034,False,321195,https://instagram.com/p/1034,https://cdn.example.com/img/35.jpg,هذا الفستان رائع ✨ #موضة,['موضة'],[],ar,"Dubai, UAE",casual,2026-05-01T20:58:00Z,34669,32,2026-06-07T12:00:00Z,synthetic Instagram-like dataset,موضة,1,هذا الفستان رائع ✨ #موضة موضة,هذا الفستان رائع  sparkles  #موضة موضة,1,هذا الفستان راي ع sparkles موضة موضة,36,0,arabic,arabic,False,7
IG_000036,Instagram,style_daily,U100035,False,70907,https://instagram.com/p/1035,https://cdn.example.com/img/36.jpg,Weekend vibes 😍 یہ رنگ بہت خوبصورت ہے,[],['zara'],mixed_en_ur,"Manchester, UK",streetwear,2026-05-01T21:35:00Z,48660,2266,2026-06-07T12:00:00Z,synthetic Instagram-like dataset,,0,Weekend vibes 😍 یہ رنگ بہت خوبصورت ہے zara,Weekend vibes  smiling_face_with_heart-eyes  یہ رنگ بہت خوبصورت ہے zara,1,weekend vibes smiling_face_with_heart eyes یہ رنگ بہت خوبصورت ہے zara,69,1,english,mixed,True,10
IG_000037,Instagram,fashionhub,U100036,False,107243,https://instagram.com/p/1036,https://cdn.example.com/img/37.jpg,مجھے یہ لباس بہت پسند آیا,[],[],ur,"Lahore, Pakistan",modest,2026-05-01T22:12:00Z,33127,2001,2026-06-07T12:00:00Z,synthetic Instagram-like dataset,,0,مجھے یہ لباس بہت پسند آیا,مجھے یہ لباس بہت پسند آیا,0,مجھے یہ لباس بہت پسند ا یا,26,0,urdu,urdu,False,7
IG_000038,Instagram,modest.style,U100037,False,23614,https://instagram.com/p/1037,https://cdn.example.com/img/38.jpg,هذا الفستان رائع ✨ #موضة     ,['موضة'],['zara'],ar,"Dubai, UAE",luxury,2026-05-01T22:49:00Z,41758,1072,2026-06-07T12:00:00Z,synthetic Instagram-like dataset,موضة,1,هذا الفستان رائع ✨ #موضة موضة zara,هذا الفستان رائع  sparkles  #موضة موضة zara,1,هذا الفستان راي ع sparkles موضة موضة zara,41,1,arabic,arabic,False,8
IG_000039,Instagram,modest.style,U100038,False,59154,https://instagram.com/p/1038,https://cdn.example.com/img/39.jpg,مجھے یہ لباس بہت پسند آیا,[],['zara'],ur,"Lahore, Pakistan",casual,2026-05-01T23:26:00Z,9773,2234,2026-06-07T12:00:00Z,synthetic Instagram-like dataset,,0,مجھے یہ لباس بہت پسند آیا zara,مجھے یہ لباس بہت پسند آیا zara,0,مجھے یہ لباس بہت پسند ا یا zara,31,1,urdu,urdu,False,8
IG_000040,Instagram,fashionhub,U100039,False,22430,https://instagram.com/p/1039,https://cdn.example.com/img/40.jpg,Summer linen set is everything! Visit https://bit.ly/look @zara,[],[],en,"London, UK",streetwear,2026-05-02T00:03:00Z,23454,860,2026-06-07T12:00:00Z,synthetic Instagram-like dataset,,0,Summer linen set is everything! Visit https://bit.ly/look @zara,Summer linen set is everything! Visit https://bit.ly/look @zara,0,summer linen set is everything visit,36,0,english,english,False,6
IG_000041,Instagram,urbanlook,U100040,False,464041,https://instagram.com/p/1040,https://cdn.example.com/img/41.jpg,Love this outfit ❤️ مجھے یہ look بہت پسند آیا,[],[],mixed_en_ur,"Manchester, UK",vintage,2026-05-02T00:40:00Z,49122,633,2026-06-07T12:00:00Z,synthetic Instagram-like dataset,,0,Love this outfit ❤️ مجھے یہ look بہت پسند آیا,Love this outfit  red_heart  مجھے یہ look بہت پسند آیا,1,love this outfit red_heart مجھے یہ look بہت پسند ا یا,53,0,english,mixed,True,11
IG_000042,Instagram,fashionhub,U100041,False,13495,https://instagram.com/p/1041,https://cdn.example.com/img/42.jpg,یہ عبایا بہت خوبصورت ہے 😍 #fashion,['fashion'],['zara'],ur,"Lahore, Pakistan",modest,2026-05-02T01:17:00Z,26987,2743,2026-06-07T12:00:00Z,synthetic Instagram-like dataset,fashion,1,یہ عبایا بہت خوبصورت ہے 😍 #fashion fashion zara,یہ عبایا بہت خوبصورت ہے  smiling_face_with_heart-eyes  #fashion fashion zara,1,یہ عبایا بہت خوبصورت ہے smiling_face_with_heart eyes fashion fashion zara,73,1,english,urdu,False,10
IG_000043,Instagram,trendwave,U100042,False,457766,https://instagram.com/p/1042,https://cdn.example.com/img/43.jpg,Amazing style 🔥 هذا اللوك رائع,[],['zara'],mixed_en_ar,"Doha, Qatar",sportswear,2026-05-02T01:54:00Z,14582,817,2026-06-07T12:00:00Z,synthetic Instagram-like dataset,,0,Amazing style 🔥 هذا اللوك رائع zara,Amazing style  fire  هذا اللوك رائع zara,1,amazing style fire هذا اللوك راي ع zara,39,1,english,mixed,True,8
IG_000044,Instagram,fashionhub,U100043,False,346547,https://instagram.com/p/1043,https://cdn.example.com/img/44.jpg,Love these shoes ❤️ أحب هذا التصميم,[],['zara'],mixed_en_ar,"Doha, Qatar",modest,2026-05-02T02:31:00Z,18263,284,2026-06-07T12:00:00Z,synthetic Instagram-like dataset,,0,Love these shoes ❤️ أحب هذا التصميم zara,Love these shoes  red_heart  أحب هذا التصميم zara,1,love these shoes red_heart ا حب هذا التصميم zara,48,1,english,mixed,True,9
IG_000045,Instagram,luxuryedit,U100044,False,442821,https://instagram.com/p/1044,https://cdn.example.com/img/45.jpg,Love these shoes ❤️ أحب هذا التصميم,[],[],mixed_en_ar,"Doha, Qatar",streetwear,2026-05-02T03:08:00Z,7564,1069,2026-06-07T12:00:00Z,synthetic Instagram-like dataset,,0,Love these shoes ❤️ أحب هذا التصميم,Love these shoes  red_heart  أحب هذا التصميم,1,love these shoes red_heart ا حب هذا التصميم,43,0,english,mixed,True,8
IG_000046,Instagram,luxuryedit,U100045,False,382467,https://instagram.com/p/1045,https://cdn.example.com/img/46.jpg,,[],[],ur,"Lahore, Pakistan",sportswear,2026-05-02T03:45:00Z,39733,2094,2026-06-07T12:00:00Z,synthetic Instagram-like dataset,,0,,,0,,0,0,unknown,urdu,False,0
IG_000047,Instagram,fashionhub,U100046,False,372107,https://instagram.com/p/1046,https://cdn.example.com/img/47.jpg,Summer linen set is everything! Visit https://bit.ly/look @zara,[],[],en,"London, UK",vintage,2026-05-02T04:22:00Z,35292,2813,2026-06-07T12:00:00Z,synthetic Instagram-like dataset,,0,Summer linen set is everything! Visit https://bit.ly/look @zara,Summer linen set is everything! Visit https://bit.ly/look @zara,0,summer linen set is everything visit,36,0,english,english,False,6
IG_000048,Instagram,style_daily,U100047,False,483249,https://instagram.com/p/1047,https://cdn.example.com/img/48.jpg,Love this outfit ❤️ مجھے یہ look بہت پسند آیا,[],[],mixed_en_ur,"Manchester, UK",modest,2026-05-02T04:59:00Z,43480,510,2026-06-07T12:00:00Z,synthetic Instagram-like dataset,,0,Love this outfit ❤️ مجھے یہ look بہت پسند آیا,Love this outfit  red_heart  مجھے یہ look بہت پسند آیا,1,love this outfit red_heart مجھے یہ look بہت پسند ا یا,53,0,english,mixed,True,11
IG_000049,Instagram,trendwave,U100048,False,211473,https://instagram.com/p/1048,https://cdn.example.com/img/49.jpg,Weekend vibes 😍 یہ رنگ بہت خوبصورت ہے,[],[],mixed_en_ur,"Manchester, UK",vintage,2026-05-02T05:36:00Z,8346,785,2026-06-07T12:00:00Z,synthetic Instagram-like dataset,,0,Weekend vibes 😍 یہ رنگ بہت خوبصورت ہے,Weekend vibes  smiling_face_with_heart-eyes  یہ رنگ بہت خوبصورت ہے,1,weekend vibes smiling_face_with_heart eyes یہ رنگ بہت خوبصورت ہے,64,0,english,mixed,True,9
IG_000050,Instagram,fashionhub,U100049,False,158284,https://instagram.com/p/1049,https://cdn.example.com/img/50.jpg,Nouvelle collection &amp; disponible,[],[],fr,"Paris, France",streetwear,2026-05-02T06:13:00Z,19919,1175,2026-06-07T12:00:00Z,synthetic Instagram-like dataset,,0,Nouvelle collection &amp; disponible,Nouvelle collection &amp; disponible,0,nouvelle collection disponible,30,0,french,french,False,3
IG_000051,Instagram,luxuryedit,U100050,False,244287,https://instagram.com/p/1050,https://cdn.example.com/img/51.jpg,مجھے یہ لباس بہت پسند آیا,[],[],ur,"Lahore, Pakistan",casual,2026-05-02T06:50:00Z,14010,2093,2026-06-07T12:00:00Z,synthetic Instagram-like dataset,,0,مجھے یہ لباس بہت پسند آیا,مجھے یہ لباس بہت پسند آیا,0,مجھے یہ لباس بہت پسند ا یا,26,0,urdu,urdu,False,7
IG_000052,Instagram,urbanlook,U100051,False,332343,https://instagram.com/p/1051,https://cdn.example.com/img/52.jpg,J'adore cette robe élégante ✨ #mode,['mode'],[],fr,"Paris, France",streetwear,2026-05-02T07:27:00Z,49231,962,2026-06-07T12:00:00Z,synthetic Instagram-like dataset,mode,1,J'adore cette robe élégante ✨ #mode mode,J'adore cette robe élégante  sparkles  #mode mode,1,j adore cette robe e le gante sparkles mode mode,48,0,german,french,False,10
IG_000053,Instagram,fashionhub,U100052,False,24729,https://instagram.com/p/1052,https://cdn.example.com/img/53.jpg,Weekend vibes 😍 یہ رنگ بہت خوبصورت ہے,[],['zara'],mixed_en_ur,"Manchester, UK",sportswear,2026-05-02T08:04:00Z,40065,298,2026-06-07T12:00:00Z,synthetic Instagram-like dataset,,0,Weekend vibes 😍 یہ رنگ بہت خوبصورت ہے zara,Weekend vibes  smiling_face_with_heart-eyes  یہ رنگ بہت خوبصورت ہے zara,1,weekend vibes smiling_face_with_heart eyes یہ رنگ بہت خوبصورت ہے zara,69,1,english,mixed,True,10
IG_000054,Instagram,luxuryedit,U100053,False,365590,https://instagram.com/p/1053,https://cdn.example.com/img/54.jpg,Nouvelle collection &amp; disponible,[],[],fr,"Paris, France",sportswear,2026-05-02T08:41:00Z,15994,604,2026-06-07T12:00:00Z,synthetic Instagram-like dataset,,0,Nouvelle collection &amp; disponible,Nouvelle collection &amp; disponible,0,nouvelle collection disponible,30,0,french,french,False,3
IG_000055,Instagram,style_daily,U100054,False,115235,https://instagram.com/p/1054,https://cdn.example.com/img/55.jpg,Love this outfit ❤️ مجھے یہ look بہت پسند آیا,[],['zara'],mixed_en_ur,"Manchester, UK",casual,2026-05-02T09:18:00Z,33949,1902,2026-06-07T12:00:00Z,synthetic Instagram-like dataset,,0,Love this outfit ❤️ مجھے یہ look بہت پسند آیا zara,Love this outfit  red_heart  مجھے یہ look بہت پسند آیا zara,1,love this outfit red_heart مجھے یہ look بہت پسند ا یا zara,58,1,english,mixed,True,12
IG_000056,Instagram,style_daily,U100055,False,420673,https://instagram.com/p/1055,https://cdn.example.com/img/56.jpg,Love this oversized blazer 😍 #fashion #streetstyle,"['streetstyle', 'fashion']",[],en,"London, UK",vintage,2026-05-02T09:55:00Z,36634,2438,2026-06-07T12:00:00Z,synthetic Instagram-like dataset,streetstyle fashion,2,Love this oversized blazer 😍 #fashion #streetstyle streetstyle fashion,Love this oversized blazer  smiling_face_with_heart-eyes  #fashion #streetstyle streetstyle fashion,1,love this oversized blazer smiling_face_with_heart eyes fashion streetstyle streetstyle fashion,95,0,english,english,False,10
IG_000057,Instagram,trendwave,U100056,False,224235,https://instagram.com/p/1056,https://cdn.example.com/img/57.jpg,أحب هذا اللوك كثيراً,[],[],ar,"Dubai, UAE",vintage,2026-05-02T10:32:00Z,29228,651,2026-06-07T12:00:00Z,synthetic Instagram-like dataset,,0,أحب هذا اللوك كثيراً,أحب هذا اللوك كثيراً,0,ا حب هذا اللوك كثيرا,20,0,arabic,arabic,False,5
IG_000058,Instagram,fashionhub,U100057,False,145891,https://instagram.com/p/1057,https://cdn.example.com/img/58.jpg,Weekend vibes 😍 یہ رنگ بہت خوبصورت ہے,[],[],mixed_en_ur,"Manchester, UK",vintage,2026-05-02T11:09:00Z,31763,2567,2026-06-07T12:00:00Z,synthetic Instagram-like dataset,,0,Weekend vibes 😍 یہ رنگ بہت خوبصورت ہے,Weekend vibes  smiling_face_with_heart-eyes  یہ رنگ بہت خوبصورت ہے,1,weekend vibes smiling_face_with_heart eyes یہ رنگ بہت خوبصورت ہے,64,0,english,mixed,True,9
IG_000059,Instagram,trendwave,U100058,False,142956,https://instagram.com/p/1058,https://cdn.example.com/img/59.jpg,مجھے یہ لباس بہت پسند آیا,[],[],ur,"Lahore, Pakistan",vintage,2026-05-02T11:46:00Z,5285,566,2026-06-07T12:00:00Z,synthetic Instagram-like dataset,,0,مجھے یہ لباس بہت پسند آیا,مجھے یہ لباس بہت پسند آیا,0,مجھے یہ لباس بہت پسند ا یا,26,0,urdu,urdu,False,7
IG_000060,Instagram,fashionhub,U100059,False,34174,https://instagram.com/p/1059,https://cdn.example.com/img/60.jpg,یہ عبایا بہت خوبصورت ہے 😍 #fashion,['fashion'],[],ur,"Lahore, Pakistan",modest,2026-05-02T12:23:00Z,35565,1908,2026-06-07T12:00:00Z,synthetic Instagram-like dataset,fashion,1,یہ عبایا بہت خوبصورت ہے 😍 #fashion fashion,یہ عبایا بہت خوبصورت ہے  smiling_face_with_heart-eyes  #fashion fashion,1,یہ عبایا بہت خوبصورت ہے smiling_face_with_heart eyes fashion fashion,68,0,english,urdu,False,9
IG_000061,Instagram,modest.style,U100060,False,404094,https://instagram.com/p/1060,https://cdn.example.com/img/61.jpg,"J'adore cette robe élégante ✨ #mode
New drop!!",['mode'],[],fr,"Paris, France",casual,2026-05-02T13:00:00Z,1285,2358,2026-06-07T12:00:00Z,synthetic Instagram-like dataset,mode,1,J'adore cette robe élégante ✨ #mode New drop!! mode,J'adore cette robe élégante  sparkles  #mode New drop!! mode,1,j adore cette robe e le gante sparkles mode new drop mode,57,0,english,french,False,12
IG_000062,Instagram,urbanlook,U100061,False,204965,https://instagram.com/p/1061,https://cdn.example.com/img/62.jpg,,[],[],fr,"Paris, France",sportswear,2026-05-02T13:37:00Z,35277,2236,2026-06-07T12:00:00Z,synthetic Instagram-like dataset,,0,,,0,,0,0,unknown,french,False,0
IG_000063,Instagram,urbanlook,U100062,False,15717,https://instagram.com/p/1062,https://cdn.example.com/img/63.jpg,Amazing style 🔥 هذا اللوك رائع,[],[],mixed_en_ar,"Doha, Qatar",casual,2026-05-02T14:14:00Z,44513,1656,2026-06-07T12:00:00Z,synthetic Instagram-like dataset,,0,Amazing style 🔥 هذا اللوك رائع,Amazing style  fire  هذا اللوك رائع,1,amazing style fire هذا اللوك راي ع,34,0,english,mixed,True,7
IG_000064,Instagram,fashionhub,U100063,False,280534,https://instagram.com/p/1063,https://cdn.example.com/img/64.jpg,Love this outfit ❤️ مجھے یہ look بہت پسند آیا,[],['zara'],mixed_en_ur,"Manchester, UK",sportswear,2026-05-02T14:51:00Z,38795,2311,2026-06-07T12:00:00Z,synthetic Instagram-like dataset,,0,Love this outfit ❤️ مجھے یہ look بہت پسند آیا zara,Love this outfit  red_heart  مجھے یہ look بہت پسند آیا zara,1,love this outfit red_heart مجھے یہ look بہت پسند ا یا zara,58,1,english,mixed,True,12
IG_000065,Instagram,modest.style,U100064,False,242562,https://instagram.com/p/1064,https://cdn.example.com/img/65.jpg,Love this outfit ❤️ مجھے یہ look بہت پسند آیا     ,[],['zara'],mixed_en_ur,"Manchester, UK",modest,2026-05-02T15:28:00Z,24849,1340,2026-06-07T12:00:00Z,synthetic Instagram-like dataset,,0,Love this outfit ❤️ مجھے یہ look بہت پسند آیا zara,Love this outfit  red_heart  مجھے یہ look بہت پسند آیا zara,1,love this outfit red_heart مجھے یہ look بہت پسند ا یا zara,58,1,english,mixed,True,12
IG_000066,Instagram,modest.style,U100065,False,499204,https://instagram.com/p/1065,https://cdn.example.com/img/66.jpg,مجھے یہ لباس بہت پسند آیا,[],[],ur,"Lahore, Pakistan",modest,2026-05-02T16:05:00Z,5372,1926,2026-06-07T12:00:00Z,synthetic Instagram-like dataset,,0,مجھے یہ لباس بہت پسند آیا,مجھے یہ لباس بہت پسند آیا,0,مجھے یہ لباس بہت پسند ا یا,26,0,urdu,urdu,False,7
IG_000067,Instagram,urbanlook,U100066,False,36475,https://instagram.com/p/1066,https://cdn.example.com/img/67.jpg,Love this oversized blazer 😍 #fashion #streetstyle,"['streetstyle', 'fashion']",[],en,"London, UK",casual,2026-05-02T16:42:00Z,2643,127,2026-06-07T12:00:00Z,synthetic Instagram-like dataset,streetstyle fashion,2,Love this oversized blazer 😍 #fashion #streetstyle streetstyle fashion,Love this oversized blazer  smiling_face_with_heart-eyes  #fashion #streetstyle streetstyle fashion,1,love this oversized blazer smiling_face_with_heart eyes fashion streetstyle streetstyle fashion,95,0,english,english,False,10
IG_000068,Instagram,luxuryedit,U100067,False,66676,https://instagram.com/p/1067,https://cdn.example.com/img/68.jpg,یہ عبایا بہت خوبصورت ہے 😍 #fashion,['fashion'],[],ur,"Lahore, Pakistan",streetwear,2026-05-02T17:19:00Z,36965,892,2026-06-07T12:00:00Z,synthetic Instagram-like dataset,fashion,1,یہ عبایا بہت خوبصورت ہے 😍 #fashion fashion,یہ عبایا بہت خوبصورت ہے  smiling_face_with_heart-eyes  #fashion fashion,1,یہ عبایا بہت خوبصورت ہے smiling_face_with_heart eyes fashion fashion,68,0,english,urdu,False,9
IG_000069,Instagram,fashionhub,U100068,False,392628,https://instagram.com/p/1068,https://cdn.example.com/img/69.jpg,Nouvelle collection &amp; disponible,[],[],fr,"Paris, France",luxury,2026-05-02T17:56:00Z,20389,442,2026-06-07T12:00:00Z,synthetic Instagram-like dataset,,0,Nouvelle collection &amp; disponible,Nouvelle collection &amp; disponible,0,nouvelle collection disponible,30,0,french,french,False,3
IG_000070,Instagram,luxuryedit,U100069,False,197268,https://instagram.com/p/1069,https://cdn.example.com/img/70.jpg,Me encanta este vestido 😍 #moda,['moda'],[],es,"Madrid, Spain",casual,2026-05-02T18:33:00Z,13002,311,2026-06-07T12:00:00Z,synthetic Instagram-like dataset,moda,1,Me encanta este vestido 😍 #moda moda,Me encanta este vestido  smiling_face_with_heart-eyes  #moda moda,1,me encanta este vestido smiling_face_with_heart eyes moda moda,62,0,spanish,spanish,False,8
IG_000071,Instagram,urbanlook,U100070,False,315288,https://instagram.com/p/1070,https://cdn.example.com/img/71.jpg,Me encanta este vestido 😍 #moda     ,['moda'],[],es,"Madrid, Spain",vintage,2026-05-02T19:10:00Z,2696,1422,2026-06-07T12:00:00Z,synthetic Instagram-like dataset,moda,1,Me encanta este vestido 😍 #moda moda,Me encanta este vestido  smiling_face_with_heart-eyes  #moda moda,1,me encanta este vestido smiling_face_with_heart eyes moda moda,62,0,spanish,spanish,False,8
IG_000072,Instagram,style_daily,U100071,False,179403,https://instagram.com/p/1071,https://cdn.example.com/img/72.jpg,Nuevo look para el verano,[],['zara'],es,"Madrid, Spain",sportswear,2026-05-02T19:47:00Z,32130,432,2026-06-07T12:00:00Z,synthetic Instagram-like dataset,,0,Nuevo look para el verano zara,Nuevo look para el verano zara,0,nuevo look para el verano zara,30,1,spanish,spanish,False,6
IG_000073,Instagram,modest.style,U100072,False,228820,https://instagram.com/p/1072,https://cdn.example.com/img/73.jpg,Nouvelle collection &amp; disponible,[],['zara'],fr,"Paris, France",vintage,2026-05-02T20:24:00Z,42633,1106,2026-06-07T12:00:00Z,synthetic Instagram-like dataset,,0,Nouvelle collection &amp; disponible zara,Nouvelle collection &amp; disponible zara,0,nouvelle collection disponible zara,35,1,french,french,False,4
IG_000074,Instagram,trendwave,U100073,False,169480,https://instagram.com/p/1073,https://cdn.example.com/img/74.jpg,Nuevo look para el verano,[],[],es,"Madrid, Spain",streetwear,2026-05-02T21:01:00Z,18284,1846,2026-06-07T12:00:00Z,synthetic Instagram-like dataset,,0,Nuevo look para el verano,Nuevo look para el verano,0,nuevo look para el verano,25,0,spanish,spanish,False,5
IG_000075,Instagram,trendwave,U100074,False,15547,https://instagram.com/p/1074,https://cdn.example.com/img/75.jpg,مجھے یہ لباس بہت پسند آیا,[],[],ur,"Lahore, Pakistan",modest,2026-05-02T21:38:00Z,11922,1997,2026-06-07T12:00:00Z,synthetic Instagram-like dataset,,0,مجھے یہ لباس بہت پسند آیا,مجھے یہ لباس بہت پسند آیا,0,مجھے یہ لباس بہت پسند ا یا,26,0,urdu,urdu,False,7
IG_000076,Instagram,urbanlook,U100075,False,313056,https://instagram.com/p/1075,https://cdn.example.com/img/76.jpg,مجھے یہ لباس بہت پسند آیا,[],[],ur,"Lahore, Pakistan",modest,2026-05-02T22:15:00Z,36429,41,2026-06-07T12:00:00Z,synthetic Instagram-like dataset,,0,مجھے یہ لباس بہت پسند آیا,مجھے یہ لباس بہت پسند آیا,0,مجھے یہ لباس بہت پسند ا یا,26,0,urdu,urdu,False,7
IG_000077,Instagram,trendwave,U100076,False,291572,https://instagram.com/p/1076,https://cdn.example.com/img/77.jpg,Me encanta este vestido 😍 #moda     ,['moda'],[],es,"Madrid, Spain",casual,2026-05-02T22:52:00Z,31206,2645,2026-06-07T12:00:00Z,synthetic Instagram-like dataset,moda,1,Me encanta este vestido 😍 #moda moda,Me encanta este vestido  smiling_face_with_heart-eyes  #moda moda,1,me encanta este vestido smiling_face_with_heart eyes moda moda,62,0,spanish,spanish,False,8
IG_000078,Instagram,style_daily,U100077,True,116680,https://instagram.com/p/1077,https://cdn.example.com/img/78.jpg,Weekend vibes 😍 یہ رنگ بہت خوبصورت ہے,[],[],mixed_en_ur,"Manchester, UK",luxury,2026-05-02T23:29:00Z,20072,2719,2026-06-07T12:00:00Z,synthetic Instagram-like dataset,,0,Weekend vibes 😍 یہ رنگ بہت خوبصورت ہے,Weekend vibes  smiling_face_with_heart-eyes  یہ رنگ بہت خوبصورت ہے,1,weekend vibes smiling_face_with_heart eyes یہ رنگ بہت خوبصورت ہے,64,0,english,mixed,True,9
IG_000079,Instagram,luxuryedit,U100078,False,391584,https://instagram.com/p/1078,https://cdn.example.com/img/79.jpg,Nuevo look para el verano,[],[],es,"Madrid, Spain",modest,2026-05-03T00:06:00Z,46067,1858,2026-06-07T12:00:00Z,synthetic Instagram-like dataset,,0,Nuevo look para el verano,Nuevo look para el verano,0,nuevo look para el verano,25,0,spanish,spanish,False,5
IG_000080,Instagram,style_daily,U100079,False,165938,https://instagram.com/p/1079,https://cdn.example.com/img/80.jpg,أحب هذا اللوك كثيراً,[],['zara'],ar,"Dubai, UAE",vintage,2026-05-03T00:43:00Z,49955,2826,2026-06-07T12:00:00Z,synthetic Instagram-like dataset,,0,أحب هذا اللوك كثيراً zara,أحب هذا اللوك كثيراً zara,0,ا حب هذا اللوك كثيرا zara,25,1,arabic,arabic,False,6
IG_000081,Instagram,modest.style,U100080,False,309613,https://instagram.com/p/1080,https://cdn.example.com/img/81.jpg,یہ عبایا بہت خوبصورت ہے 😍 #fashion,['fashion'],[],ur,"Lahore, Pakistan",vintage,2026-05-03T01:20:00Z,39116,1159,2026-06-07T12:00:00Z,synthetic Instagram-like dataset,fashion,1,یہ عبایا بہت خوبصورت ہے 😍 #fashion fashion,یہ عبایا بہت خوبصورت ہے  smiling_face_with_heart-eyes  #fashion fashion,1,یہ عبایا بہت خوبصورت ہے smiling_face_with_heart eyes fashion fashion,68,0,english,urdu,False,9
IG_000082,Instagram,urbanlook,U100081,False,7917,https://instagram.com/p/1081,https://cdn.example.com/img/82.jpg,Love this oversized blazer 😍 #fashion #streetstyle,"['streetstyle', 'fashion']",[],en,"London, UK",luxury,2026-05-03T01:57:00Z,17982,186,2026-06-07T12:00:00Z,synthetic Instagram-like dataset,streetstyle fashion,2,Love this oversized blazer 😍 #fashion #streetstyle streetstyle fashion,Love this oversized blazer  smiling_face_with_heart-eyes  #fashion #streetstyle streetstyle fashion,1,love this oversized blazer smiling_face_with_heart eyes fashion streetstyle streetstyle fashion,95,0,english,english,False,10
IG_000083,Instagram,fashionhub,U100082,False,395179,https://instagram.com/p/1082,https://cdn.example.com/img/83.jpg,Summer linen set is everything! Visit https://bit.ly/look @zara,[],[],en,"London, UK",streetwear,2026-05-03T02:34:00Z,37626,1164,2026-06-07T12:00:00Z,synthetic Instagram-like dataset,,0,Summer linen set is everything! Visit https://bit.ly/look @zara,Summer linen set is everything! Visit https://bit.ly/look @zara,0,summer linen set is everything visit,36,0,english,english,False,6
IG_000084,Instagram,fashionhub,U100083,False,132871,https://instagram.com/p/1083,https://cdn.example.com/img/84.jpg,Nouvelle collection &amp; disponible,[],[],fr,"Paris, France",sportswear,2026-05-03T03:11:00Z,7481,267,2026-06-07T12:00:00Z,synthetic Instagram-like dataset,,0,Nouvelle collection &amp; disponible,Nouvelle collection &amp; disponible,0,nouvelle collection disponible,30,0,french,french,False,3
IG_000085,Instagram,trendwave,U100084,False,80048,https://instagram.com/p/1084,https://cdn.example.com/img/85.jpg,,[],['zara'],fr,"Paris, France",vintage,2026-05-03T03:48:00Z,19917,348,2026-06-07T12:00:00Z,synthetic Instagram-like dataset,,0,zara,zara,0,zara,4,1,spanish,french,False,1
IG_000086,Instagram,modest.style,U100085,False,415075,https://instagram.com/p/1085,https://cdn.example.com/img/86.jpg,یہ عبایا بہت خوبصورت ہے 😍 #fashion,['fashion'],[],ur,"Lahore, Pakistan",vintage,2026-05-03T04:25:00Z,24933,1845,2026-06-07T12:00:00Z,synthetic Instagram-like dataset,fashion,1,یہ عبایا بہت خوبصورت ہے 😍 #fashion fashion,یہ عبایا بہت خوبصورت ہے  smiling_face_with_heart-eyes  #fashion fashion,1,یہ عبایا بہت خوبصورت ہے smiling_face_with_heart eyes fashion fashion,68,0,english,urdu,False,9
IG_000087,Instagram,modest.style,U100086,False,326097,https://instagram.com/p/1086,https://cdn.example.com/img/87.jpg,Nouvelle collection &amp; disponible,[],['zara'],fr,"Paris, France",casual,2026-05-03T05:02:00Z,6508,851,2026-06-07T12:00:00Z,synthetic Instagram-like dataset,,0,Nouvelle collection &amp; disponible zara,Nouvelle collection &amp; disponible zara,0,nouvelle collection disponible zara,35,1,french,french,False,4
IG_000088,Instagram,style_daily,U100087,False,91628,https://instagram.com/p/1087,https://cdn.example.com/img/88.jpg,Love this outfit ❤️ مجھے یہ look بہت پسند آیا,[],[],mixed_en_ur,"Manchester, UK",luxury,2026-05-03T05:39:00Z,180,1673,2026-06-07T12:00:00Z,synthetic Instagram-like dataset,,0,Love this outfit ❤️ مجھے یہ look بہت پسند آیا,Love this outfit  red_heart  مجھے یہ look بہت پسند آیا,1,love this outfit red_heart مجھے یہ look بہت پسند ا یا,53,0,english,mixed,True,11
IG_000089,Instagram,fashionhub,U100088,False,148725,https://instagram.com/p/1088,https://cdn.example.com/img/89.jpg,Nouvelle collection &amp; disponible,[],[],fr,"Paris, France",sportswear,2026-05-03T06:16:00Z,4669,2815,2026-06-07T12:00:00Z,synthetic Instagram-like dataset,,0,Nouvelle collection &amp; disponible,Nouvelle collection &amp; disponible,0,nouvelle collection disponible,30,0,french,french,False,3
IG_000090,Instagram,trendwave,U100089,False,421978,https://instagram.com/p/1089,https://cdn.example.com/img/90.jpg,مجھے یہ لباس بہت پسند آیا,[],[],ur,"Lahore, Pakistan",sportswear,2026-05-03T06:53:00Z,7526,2230,2026-06-07T12:00:00Z,synthetic Instagram-like dataset,,0,مجھے یہ لباس بہت پسند آیا,مجھے یہ لباس بہت پسند آیا,0,مجھے یہ لباس بہت پسند ا یا,26,0,urdu,urdu,False,7
IG_000091,Instagram,fashionhub,U100090,True,87491,https://instagram.com/p/1090,https://cdn.example.com/img/91.jpg,یہ عبایا بہت خوبصورت ہے 😍 #fashion,['fashion'],[],ur,"Lahore, Pakistan",vintage,2026-05-03T07:30:00Z,49088,2331,2026-06-07T12:00:00Z,synthetic Instagram-like dataset,fashion,1,یہ عبایا بہت خوبصورت ہے 😍 #fashion fashion,یہ عبایا بہت خوبصورت ہے  smiling_face_with_heart-eyes  #fashion fashion,1,یہ عبایا بہت خوبصورت ہے smiling_face_with_heart eyes fashion fashion,68,0,english,urdu,False,9
IG_000092,Instagram,trendwave,U100091,False,211530,https://instagram.com/p/1091,https://cdn.example.com/img/92.jpg,أحب هذا اللوك كثيراً     ,[],[],ar,"Dubai, UAE",vintage,2026-05-03T08:07:00Z,35393,2022,2026-06-07T12:00:00Z,synthetic Instagram-like dataset,,0,أحب هذا اللوك كثيراً,أحب هذا اللوك كثيراً,0,ا حب هذا اللوك كثيرا,20,0,arabic,arabic,False,5
IG_000093,Instagram,modest.style,U100092,False,317019,https://instagram.com/p/1092,https://cdn.example.com/img/93.jpg,J'adore cette robe élégante ✨ #mode,['mode'],['zara'],fr,"Paris, France",streetwear,2026-05-03T08:44:00Z,15007,2761,2026-06-07T12:00:00Z,synthetic Instagram-like dataset,mode,1,J'adore cette robe élégante ✨ #mode mode zara,J'adore cette robe élégante  sparkles  #mode mode zara,1,j adore cette robe e le gante sparkles mode mode zara,53,1,french,french,False,11
IG_000094,Instagram,trendwave,U100093,False,302619,https://instagram.com/p/1093,https://cdn.example.com/img/94.jpg,Amazing style 🔥 هذا اللوك رائع,[],['zara'],mixed_en_ar,"Doha, Qatar",luxury,2026-05-03T09:21:00Z,30839,2125,2026-06-07T12:00:00Z,synthetic Instagram-like dataset,,0,Amazing style 🔥 هذا اللوك رائع zara,Amazing style  fire  هذا اللوك رائع zara,1,amazing style fire هذا اللوك راي ع zara,39,1,english,mixed,True,8
IG_000095,Instagram,fashionhub,U100094,False,229029,https://instagram.com/p/1094,https://cdn.example.com/img/95.jpg,Weekend vibes 😍 یہ رنگ بہت خوبصورت ہے,[],[],mixed_en_ur,"Manchester, UK",sportswear,2026-05-03T09:58:00Z,5984,1925,2026-06-07T12:00:00Z,synthetic Instagram-like dataset,,0,Weekend vibes 😍 یہ رنگ بہت خوبصورت ہے,Weekend vibes  smiling_face_with_heart-eyes  یہ رنگ بہت خوبصورت ہے,1,weekend vibes smiling_face_with_heart eyes یہ رنگ بہت خوبصورت ہے,64,0,english,mixed,True,9
IG_000096,Instagram,trendwave,U100095,False,84818,https://instagram.com/p/1095,https://cdn.example.com/img/96.jpg,أحب هذا اللوك كثيراً,[],[],ar,"Dubai, UAE",casual,2026-05-03T10:35:00Z,32476,1180,2026-06-07T12:00:00Z,synthetic Instagram-like dataset,,0,أحب هذا اللوك كثيراً,أحب هذا اللوك كثيراً,0,ا حب هذا اللوك كثيرا,20,0,arabic,arabic,False,5
IG_000097,Instagram,luxuryedit,U100096,True,46668,https://instagram.com/p/1096,https://cdn.example.com/img/97.jpg,Weekend vibes 😍 یہ رنگ بہت خوبصورت ہے,[],[],mixed_en_ur,"Manchester, UK",modest,2026-05-03T11:12:00Z,7602,1655,2026-06-07T12:00:00Z,synthetic Instagram-like dataset,,0,Weekend vibes 😍 یہ رنگ بہت خوبصورت ہے,Weekend vibes  smiling_face_with_heart-eyes  یہ رنگ بہت خوبصورت ہے,1,weekend vibes smiling_face_with_heart eyes یہ رنگ بہت خوبصورت ہے,64,0,english,mixed,True,9
IG_000098,Instagram,luxuryedit,U100097,False,28918,https://instagram.com/p/1097,https://cdn.example.com/img/98.jpg,Amazing style 🔥 هذا اللوك رائع,[],['zara'],mixed_en_ar,"Doha, Qatar",modest,2026-05-03T11:49:00Z,40809,2041,2026-06-07T12:00:00Z,synthetic Instagram-like dataset,,0,Amazing style 🔥 هذا اللوك رائع zara,Amazing style  fire  هذا اللوك رائع zara,1,amazing style fire هذا اللوك راي ع zara,39,1,english,mixed,True,8
IG_000099,Instagram,fashionhub,U100098,False,69188,https://instagram.com/p/1098,https://cdn.example.com/img/99.jpg,Weekend vibes 😍 یہ رنگ بہت خوبصورت ہے,[],[],mixed_en_ur,"Manchester, UK",sportswear,2026-05-03T12:26:00Z,45765,1985,2026-06-07T12:00:00Z,synthetic Instagram-like dataset,,0,Weekend vibes 😍 یہ رنگ بہت خوبصورت ہے,Weekend vibes  smiling_face_with_heart-eyes  یہ رنگ بہت خوبصورت ہے,1,weekend vibes smiling_face_with_heart eyes یہ رنگ بہت خوبصورت ہے,64,0,english,mixed,True,9
IG_000100,Instagram,luxuryedit,U100099,False,372630,https://instagram.com/p/1099,https://cdn.example.com/img/100.jpg,Love this oversized blazer 😍 #fashion #streetstyle,"['streetstyle', 'fashion']",['zara'],en,"London, UK",vintage,2026-05-03T13:03:00Z,901,2262,2026-06-07T12:00:00Z,synthetic Instagram-like dataset,streetstyle fashion,2,Love this oversized blazer 😍 #fashion #streetstyle streetstyle fashion zara,Love this oversized blazer  smiling_face_with_heart-eyes  #fashion #streetstyle streetstyle fashion zara,1,love this oversized blazer smiling_face_with_heart eyes fashion streetstyle streetstyle fashion zara,100,1,english,english,False,11
IG_000101,Instagram,style_daily,U100100,False,62086,https://instagram.com/p/1100,https://cdn.example.com/img/101.jpg,J'adore cette robe élégante ✨ #mode,['mode'],[],fr,"Paris, France",luxury,2026-05-03T13:40:00Z,32666,2935,2026-06-07T12:00:00Z,synthetic Instagram-like dataset,mode,1,J'adore cette robe élégante ✨ #mode mode,J'adore cette robe élégante  sparkles  #mode mode,1,j adore cette robe e le gante sparkles mode mode,48,0,german,french,False,10
IG_000102,Instagram,modest.style,U100101,False,128285,https://instagram.com/p/1101,https://cdn.example.com/img/102.jpg,أحب هذا اللوك كثيراً,[],[],ar,"Dubai, UAE",luxury,2026-05-03T14:17:00Z,25143,780,2026-06-07T12:00:00Z,synthetic Instagram-like dataset,,0,أحب هذا اللوك كثيراً,أحب هذا اللوك كثيراً,0,ا حب هذا اللوك كثيرا,20,0,arabic,arabic,False,5
IG_000103,Instagram,urbanlook,U100102,False,448458,https://instagram.com/p/1102,https://cdn.example.com/img/103.jpg,Me encanta este vestido 😍 #moda,['moda'],[],es,"Madrid, Spain",vintage,2026-05-03T14:54:00Z,17514,10,2026-06-07T12:00:00Z,synthetic Instagram-like dataset,moda,1,Me encanta este vestido 😍 #moda moda,Me encanta este vestido  smiling_face_with_heart-eyes  #moda moda,1,me encanta este vestido smiling_face_with_heart eyes moda moda,62,0,spanish,spanish,False,8
IG_000104,Instagram,luxuryedit,U100103,False,257212,https://instagram.com/p/1103,https://cdn.example.com/img/104.jpg,أحب هذا اللوك كثيراً,[],[],ar,"Dubai, UAE",sportswear,2026-05-03T15:31:00Z,35301,1983,2026-06-07T12:00:00Z,synthetic Instagram-like dataset,,0,أحب هذا اللوك كثيراً,أحب هذا اللوك كثيراً,0,ا حب هذا اللوك كثيرا,20,0,arabic,arabic,False,5
IG_000105,Instagram,luxuryedit,U100104,False,489583,https://instagram.com/p/1104,https://cdn.example.com/img/105.jpg,أحب هذا اللوك كثيراً,[],[],ar,"Dubai, UAE",luxury,2026-05-03T16:08:00Z,45716,978,2026-06-07T12:00:00Z,synthetic Instagram-like dataset,,0,أحب هذا اللوك كثيراً,أحب هذا اللوك كثيراً,0,ا حب هذا اللوك كثيرا,20,0,arabic,arabic,False,5
IG_000106,Instagram,modest.style,U100105,True,390939,https://instagram.com/p/1105,https://cdn.example.com/img/106.jpg,Nuevo look para el verano,[],[],es,"Madrid, Spain",sportswear,2026-05-03T16:45:00Z,25307,2718,2026-06-07T12:00:00Z,synthetic Instagram-like dataset,,0,Nuevo look para el verano,Nuevo look para el verano,0,nuevo look para el verano,25,0,spanish,spanish,False,5
IG_000107,Instagram,style_daily,U100106,False,309924,https://instagram.com/p/1106,https://cdn.example.com/img/107.jpg,Amazing style 🔥 هذا اللوك رائع,[],[],mixed_en_ar,"Doha, Qatar",streetwear,2026-05-03T17:22:00Z,28860,408,2026-06-07T12:00:00Z,synthetic Instagram-like dataset,,0,Amazing style 🔥 هذا اللوك رائع,Amazing style  fire  هذا اللوك رائع,1,amazing style fire هذا اللوك راي ع,34,0,english,mixed,True,7
IG_000108,Instagram,fashionhub,U100107,False,343793,https://instagram.com/p/1107,https://cdn.example.com/img/108.jpg,,[],[],es,"Madrid, Spain",streetwear,2026-05-03T17:59:00Z,30773,1085,2026-06-07T12:00:00Z,synthetic Instagram-like dataset,,0,,,0,,0,0,unknown,spanish,False,0
IG_000109,Instagram,urbanlook,U100108,False,451042,https://instagram.com/p/1108,https://cdn.example.com/img/109.jpg,أحب هذا اللوك كثيراً,[],[],ar,"Dubai, UAE",modest,2026-05-03T18:36:00Z,41082,2943,2026-06-07T12:00:00Z,synthetic Instagram-like dataset,,0,أحب هذا اللوك كثيراً,أحب هذا اللوك كثيراً,0,ا حب هذا اللوك كثيرا,20,0,arabic,arabic,False,5
IG_000110,Instagram,style_daily,U100109,False,123587,https://instagram.com/p/1109,https://cdn.example.com/img/110.jpg,Love these shoes ❤️ أحب هذا التصميم,[],[],mixed_en_ar,"Doha, Qatar",modest,2026-05-03T19:13:00Z,14913,370,2026-06-07T12:00:00Z,synthetic Instagram-like dataset,,0,Love these shoes ❤️ أحب هذا التصميم,Love these shoes  red_heart  أحب هذا التصميم,1,love these shoes red_heart ا حب هذا التصميم,43,0,english,mixed,True,8
IG_000111,Instagram,trendwave,U100110,False,233115,https://instagram.com/p/1110,https://cdn.example.com/img/111.jpg,J'adore cette robe élégante ✨ #mode,['mode'],['zara'],fr,"Paris, France",modest,2026-05-03T19:50:00Z,1902,188,2026-06-07T12:00:00Z,synthetic Instagram-like dataset,mode,1,J'adore cette robe élégante ✨ #mode mode zara,J'adore cette robe élégante  sparkles  #mode mode zara,1,j adore cette robe e le gante sparkles mode mode zara,53,1,french,french,False,11
IG_000112,Instagram,urbanlook,U100111,False,128529,https://instagram.com/p/1111,https://cdn.example.com/img/112.jpg,هذا الفستان رائع ✨ #موضة,['موضة'],[],ar,"Dubai, UAE",vintage,2026-05-03T20:27:00Z,44687,737,2026-06-07T12:00:00Z,synthetic Instagram-like dataset,موضة,1,هذا الفستان رائع ✨ #موضة موضة,هذا الفستان رائع  sparkles  #موضة موضة,1,هذا الفستان راي ع sparkles موضة موضة,36,0,arabic,arabic,False,7
IG_000113,Instagram,modest.style,U100112,False,126764,https://instagram.com/p/1112,https://cdn.example.com/img/113.jpg,,[],[],ur,"Lahore, Pakistan",vintage,2026-05-03T21:04:00Z,9384,951,2026-06-07T12:00:00Z,synthetic Instagram-like dataset,,0,,,0,,0,0,unknown,urdu,False,0
IG_000114,Instagram,trendwave,U100113,True,422359,https://instagram.com/p/1113,https://cdn.example.com/img/114.jpg,Nouvelle collection &amp; disponible,[],[],fr,"Paris, France",modest,2026-05-03T21:41:00Z,44412,2238,2026-06-07T12:00:00Z,synthetic Instagram-like dataset,,0,Nouvelle collection &amp; disponible,Nouvelle collection &amp; disponible,0,nouvelle collection disponible,30,0,french,french,False,3
IG_000115,Instagram,urbanlook,U100114,False,157342,https://instagram.com/p/1114,https://cdn.example.com/img/115.jpg,یہ عبایا بہت خوبصورت ہے 😍 #fashion,['fashion'],[],ur,"Lahore, Pakistan",sportswear,2026-05-03T22:18:00Z,45245,1024,2026-06-07T12:00:00Z,synthetic Instagram-like dataset,fashion,1,یہ عبایا بہت خوبصورت ہے 😍 #fashion fashion,یہ عبایا بہت خوبصورت ہے  smiling_face_with_heart-eyes  #fashion fashion,1,یہ عبایا بہت خوبصورت ہے smiling_face_with_heart eyes fashion fashion,68,0,english,urdu,False,9
IG_000116,Instagram,modest.style,U100115,False,56417,https://instagram.com/p/1115,https://cdn.example.com/img/116.jpg,"Nouvelle collection &amp; disponible
New drop!!",[],['zara'],fr,"Paris, France",vintage,2026-05-03T22:55:00Z,23529,2354,2026-06-07T12:00:00Z,synthetic Instagram-like dataset,,0,Nouvelle collection &amp; disponible New drop!! zara,Nouvelle collection &amp; disponible New drop!! zara,0,nouvelle collection disponible new drop zara,44,1,french,french,False,6
IG_000117,Instagram,trendwave,U100116,False,4745,https://instagram.com/p/1116,https://cdn.example.com/img/117.jpg,,[],[],ar,"Dubai, UAE",casual,2026-05-03T23:32:00Z,48807,200,2026-06-07T12:00:00Z,synthetic Instagram-like dataset,,0,,,0,,0,0,unknown,arabic,False,0
IG_000118,Instagram,urbanlook,U100117,False,121148,https://instagram.com/p/1117,https://cdn.example.com/img/118.jpg,Nuevo look para el verano,[],[],es,"Madrid, Spain",modest,2026-05-04T00:09:00Z,14357,2607,2026-06-07T12:00:00Z,synthetic Instagram-like dataset,,0,Nuevo look para el verano,Nuevo look para el verano,0,nuevo look para el verano,25,0,spanish,spanish,False,5
IG_000119,Instagram,trendwave,U100118,False,357464,https://instagram.com/p/1118,https://cdn.example.com/img/119.jpg,مجھے یہ لباس بہت پسند آیا,[],[],ur,"Lahore, Pakistan",casual,2026-05-04T00:46:00Z,6372,2570,2026-06-07T12:00:00Z,synthetic Instagram-like dataset,,0,مجھے یہ لباس بہت پسند آیا,مجھے یہ لباس بہت پسند آیا,0,مجھے یہ لباس بہت پسند ا یا,26,0,urdu,urdu,False,7
IG_000120,Instagram,modest.style,U100119,True,191792,https://instagram.com/p/1119,https://cdn.example.com/img/120.jpg,Love this outfit ❤️ مجھے یہ look بہت پسند آیا,[],[],mixed_en_ur,"Manchester, UK",streetwear,2026-05-04T01:23:00Z,19345,1338,2026-06-07T12:00:00Z,synthetic Instagram-like dataset,,0,Love this outfit ❤️ مجھے یہ look بہت پسند آیا,Love this outfit  red_heart  مجھے یہ look بہت پسند آیا,1,love this outfit red_heart مجھے یہ look بہت پسند ا یا,53,0,english,mixed,True,11
IG_000121,Instagram,fashionhub,U100120,False,460017,https://instagram.com/p/1120,https://cdn.example.com/img/121.jpg,"Weekend vibes 😍 یہ رنگ بہت خوبصورت ہے
New drop!!",[],[],mixed_en_ur,"Manchester, UK",vintage,2026-05-04T02:00:00Z,32890,1116,2026-06-07T12:00:00Z,synthetic Instagram-like dataset,,0,Weekend vibes 😍 یہ رنگ بہت خوبصورت ہے New drop!!,Weekend vibes  smiling_face_with_heart-eyes  یہ رنگ بہت خوبصورت ہے New drop!!,1,weekend vibes smiling_face_with_heart eyes یہ رنگ بہت خوبصورت ہے new drop,73,0,english,mixed,True,11
IG_000122,Instagram,modest.style,U100121,False,155239,https://instagram.com/p/1121,https://cdn.example.com/img/122.jpg,Amazing style 🔥 هذا اللوك رائع,[],[],mixed_en_ar,"Doha, Qatar",modest,2026-05-04T02:37:00Z,7552,1918,2026-06-07T12:00:00Z,synthetic Instagram-like dataset,,0,Amazing style 🔥 هذا اللوك رائع,Amazing style  fire  هذا اللوك رائع,1,amazing style fire هذا اللوك راي ع,34,0,english,mixed,True,7
IG_000123,Instagram,fashionhub,U100122,False,380198,https://instagram.com/p/1122,https://cdn.example.com/img/123.jpg,Love this oversized blazer 😍 #fashion #streetstyle,"['streetstyle', 'fashion']",[],en,"London, UK",sportswear,2026-05-04T03:14:00Z,36529,1498,2026-06-07T12:00:00Z,synthetic Instagram-like dataset,streetstyle fashion,2,Love this oversized blazer 😍 #fashion #streetstyle streetstyle fashion,Love this oversized blazer  smiling_face_with_heart-eyes  #fashion #streetstyle streetstyle fashion,1,love this oversized blazer smiling_face_with_heart eyes fashion streetstyle streetstyle fashion,95,0,english,english,False,10
IG_000124,Instagram,luxuryedit,U100123,False,193745,https://instagram.com/p/1123,https://cdn.example.com/img/124.jpg,,[],[],en,"London, UK",casual,2026-05-04T03:51:00Z,17186,2394,2026-06-07T12:00:00Z,synthetic Instagram-like dataset,,0,,,0,,0,0,unknown,english,False,0
IG_000125,Instagram,fashionhub,U100124,False,325320,https://instagram.com/p/1124,https://cdn.example.com/img/125.jpg,Nouvelle collection &amp; disponible     ,[],[],fr,"Paris, France",vintage,2026-05-04T04:28:00Z,21501,2498,2026-06-07T12:00:00Z,synthetic Instagram-like dataset,,0,Nouvelle collection &amp; disponible,Nouvelle collection &amp; disponible,0,nouvelle collection disponible,30,0,french,french,False,3
IG_000126,Instagram,modest.style,U100125,False,158934,https://instagram.com/p/1125,https://cdn.example.com/img/126.jpg,یہ عبایا بہت خوبصورت ہے 😍 #fashion,['fashion'],[],ur,"Lahore, Pakistan",streetwear,2026-05-04T05:05:00Z,9165,185,2026-06-07T12:00:00Z,synthetic Instagram-like dataset,fashion,1,یہ عبایا بہت خوبصورت ہے 😍 #fashion fashion,یہ عبایا بہت خوبصورت ہے  smiling_face_with_heart-eyes  #fashion fashion,1,یہ عبایا بہت خوبصورت ہے smiling_face_with_heart eyes fashion fashion,68,0,english,urdu,False,9
IG_000127,Instagram,style_daily,U100126,True,465679,https://instagram.com/p/1126,https://cdn.example.com/img/127.jpg,Summer linen set is everything! Visit https://bit.ly/look @zara,[],[],en,"London, UK",sportswear,2026-05-04T05:42:00Z,29734,1519,2026-06-07T12:00:00Z,synthetic Instagram-like dataset,,0,Summer linen set is everything! Visit https://bit.ly/look @zara,Summer linen set is everything! Visit https://bit.ly/look @zara,0,summer linen set is everything visit,36,0,english,english,False,6
IG_000128,Instagram,trendwave,U100127,False,218018,https://instagram.com/p/1127,https://cdn.example.com/img/128.jpg,Weekend vibes 😍 یہ رنگ بہت خوبصورت ہے,[],[],mixed_en_ur,"Manchester, UK",sportswear,2026-05-04T06:19:00Z,40352,1671,2026-06-07T12:00:00Z,synthetic Instagram-like dataset,,0,Weekend vibes 😍 یہ رنگ بہت خوبصورت ہے,Weekend vibes  smiling_face_with_heart-eyes  یہ رنگ بہت خوبصورت ہے,1,weekend vibes smiling_face_with_heart eyes یہ رنگ بہت خوبصورت ہے,64,0,english,mixed,True,9
IG_000129,Instagram,fashionhub,U100128,False,498864,https://instagram.com/p/1128,https://cdn.example.com/img/129.jpg,هذا الفستان رائع ✨ #موضة,['موضة'],['zara'],ar,"Dubai, UAE",modest,2026-05-04T06:56:00Z,6516,2808,2026-06-07T12:00:00Z,synthetic Instagram-like dataset,موضة,1,هذا الفستان رائع ✨ #موضة موضة zara,هذا الفستان رائع  sparkles  #موضة موضة zara,1,هذا الفستان راي ع sparkles موضة موضة zara,41,1,arabic,arabic,False,8
IG_000130,Instagram,urbanlook,U100129,False,64546,https://instagram.com/p/1129,https://cdn.example.com/img/130.jpg,,[],[],ar,"Dubai, UAE",sportswear,2026-05-04T07:33:00Z,6012,2714,2026-06-07T12:00:00Z,synthetic Instagram-like dataset,,0,,,0,,0,0,unknown,arabic,False,0
IG_000131,Instagram,urbanlook,U100130,False,66520,https://instagram.com/p/1130,https://cdn.example.com/img/131.jpg,,[],[],ur,"Lahore, Pakistan",luxury,2026-05-04T08:10:00Z,4501,2270,2026-06-07T12:00:00Z,synthetic Instagram-like dataset,,0,,,0,,0,0,unknown,urdu,False,0
IG_000132,Instagram,fashionhub,U100131,False,77860,https://instagram.com/p/1131,https://cdn.example.com/img/132.jpg,یہ عبایا بہت خوبصورت ہے 😍 #fashion,['fashion'],[],ur,"Lahore, Pakistan",vintage,2026-05-04T08:47:00Z,190,1135,2026-06-07T12:00:00Z,synthetic Instagram-like dataset,fashion,1,یہ عبایا بہت خوبصورت ہے 😍 #fashion fashion,یہ عبایا بہت خوبصورت ہے  smiling_face_with_heart-eyes  #fashion fashion,1,یہ عبایا بہت خوبصورت ہے smiling_face_with_heart eyes fashion fashion,68,0,english,urdu,False,9
IG_000133,Instagram,luxuryedit,U100132,False,91986,https://instagram.com/p/1132,https://cdn.example.com/img/133.jpg,Amazing style 🔥 هذا اللوك رائع,[],['zara'],mixed_en_ar,"Doha, Qatar",streetwear,2026-05-04T09:24:00Z,8642,60,2026-06-07T12:00:00Z,synthetic Instagram-like dataset,,0,Amazing style 🔥 هذا اللوك رائع zara,Amazing style  fire  هذا اللوك رائع zara,1,amazing style fire هذا اللوك راي ع zara,39,1,english,mixed,True,8
IG_000134,Instagram,style_daily,U100133,False,27972,https://instagram.com/p/1133,https://cdn.example.com/img/134.jpg,هذا الفستان رائع ✨ #موضة,['موضة'],['zara'],ar,"Dubai, UAE",sportswear,2026-05-04T10:01:00Z,34482,465,2026-06-07T12:00:00Z,synthetic Instagram-like dataset,موضة,1,هذا الفستان رائع ✨ #موضة موضة zara,هذا الفستان رائع  sparkles  #موضة موضة zara,1,هذا الفستان راي ع sparkles موضة موضة zara,41,1,arabic,arabic,False,8
IG_000135,Instagram,urbanlook,U100134,False,57675,https://instagram.com/p/1134,https://cdn.example.com/img/135.jpg,Love this outfit ❤️ مجھے یہ look بہت پسند آیا,[],[],mixed_en_ur,"Manchester, UK",luxury,2026-05-04T10:38:00Z,40316,177,2026-06-07T12:00:00Z,synthetic Instagram-like dataset,,0,Love this outfit ❤️ مجھے یہ look بہت پسند آیا,Love this outfit  red_heart  مجھے یہ look بہت پسند آیا,1,love this outfit red_heart مجھے یہ look بہت پسند ا یا,53,0,english,mixed,True,11
IG_000136,Instagram,style_daily,U100135,True,251624,https://instagram.com/p/1135,https://cdn.example.com/img/136.jpg,Weekend vibes 😍 یہ رنگ بہت خوبصورت ہے,[],[],mixed_en_ur,"Manchester, UK",sportswear,2026-05-04T11:15:00Z,44969,442,2026-06-07T12:00:00Z,synthetic Instagram-like dataset,,0,Weekend vibes 😍 یہ رنگ بہت خوبصورت ہے,Weekend vibes  smiling_face_with_heart-eyes  یہ رنگ بہت خوبصورت ہے,1,weekend vibes smiling_face_with_heart eyes یہ رنگ بہت خوبصورت ہے,64,0,english,mixed,True,9
IG_000137,Instagram,style_daily,U100136,False,78269,https://instagram.com/p/1136,https://cdn.example.com/img/137.jpg,,[],['zara'],fr,"Paris, France",modest,2026-05-04T11:52:00Z,40920,2593,2026-06-07T12:00:00Z,synthetic Instagram-like dataset,,0,zara,zara,0,zara,4,1,spanish,french,False,1
IG_000138,Instagram,luxuryedit,U100137,False,238377,https://instagram.com/p/1137,https://cdn.example.com/img/138.jpg,Nuevo look para el verano,[],[],es,"Madrid, Spain",sportswear,2026-05-04T12:29:00Z,6504,2874,2026-06-07T12:00:00Z,synthetic Instagram-like dataset,,0,Nuevo look para el verano,Nuevo look para el verano,0,nuevo look para el verano,25,0,spanish,spanish,False,5
IG_000139,Instagram,fashionhub,U100138,False,434305,https://instagram.com/p/1138,https://cdn.example.com/img/139.jpg,Love this oversized blazer 😍 #fashion #streetstyle,"['streetstyle', 'fashion']",[],en,"London, UK",sportswear,2026-05-04T13:06:00Z,47820,389,2026-06-07T12:00:00Z,synthetic Instagram-like dataset,streetstyle fashion,2,Love this oversized blazer 😍 #fashion #streetstyle streetstyle fashion,Love this oversized blazer  smiling_face_with_heart-eyes  #fashion #streetstyle streetstyle fashion,1,love this oversized blazer smiling_face_with_heart eyes fashion streetstyle streetstyle fashion,95,0,english,english,False,10
IG_000140,Instagram,urbanlook,U100139,False,80526,https://instagram.com/p/1139,https://cdn.example.com/img/140.jpg,أحب هذا اللوك كثيراً,[],[],ar,"Dubai, UAE",sportswear,2026-05-04T13:43:00Z,4404,373,2026-06-07T12:00:00Z,synthetic Instagram-like dataset,,0,أحب هذا اللوك كثيراً,أحب هذا اللوك كثيراً,0,ا حب هذا اللوك كثيرا,20,0,arabic,arabic,False,5
IG_000141,Instagram,style_daily,U100140,False,195874,https://instagram.com/p/1140,https://cdn.example.com/img/141.jpg,Amazing style 🔥 هذا اللوك رائع     ,[],[],mixed_en_ar,"Doha, Qatar",vintage,2026-05-04T14:20:00Z,3935,2402,2026-06-07T12:00:00Z,synthetic Instagram-like dataset,,0,Amazing style 🔥 هذا اللوك رائع,Amazing style  fire  هذا اللوك رائع,1,amazing style fire هذا اللوك راي ع,34,0,english,mixed,True,7
IG_000142,Instagram,modest.style,U100141,False,349330,https://instagram.com/p/1141,https://cdn.example.com/img/142.jpg,Nuevo look para el verano,[],[],es,"Madrid, Spain",sportswear,2026-05-04T14:57:00Z,47260,210,2026-06-07T12:00:00Z,synthetic Instagram-like dataset,,0,Nuevo look para el verano,Nuevo look para el verano,0,nuevo look para el verano,25,0,spanish,spanish,False,5
IG_000143,Instagram,luxuryedit,U100142,False,81623,https://instagram.com/p/1142,https://cdn.example.com/img/143.jpg,أحب هذا اللوك كثيراً,[],[],ar,"Dubai, UAE",luxury,2026-05-04T15:34:00Z,7097,1434,2026-06-07T12:00:00Z,synthetic Instagram-like dataset,,0,أحب هذا اللوك كثيراً,أحب هذا اللوك كثيراً,0,ا حب هذا اللوك كثيرا,20,0,arabic,arabic,False,5
IG_000144,Instagram,urbanlook,U100143,False,423716,https://instagram.com/p/1143,https://cdn.example.com/img/144.jpg,Love these shoes ❤️ أحب هذا التصميم     ,[],[],mixed_en_ar,"Doha, Qatar",vintage,2026-05-04T16:11:00Z,40750,2513,2026-06-07T12:00:00Z,synthetic Instagram-like dataset,,0,Love these shoes ❤️ أحب هذا التصميم,Love these shoes  red_heart  أحب هذا التصميم,1,love these shoes red_heart ا حب هذا التصميم,43,0,english,mixed,True,8
IG_000145,Instagram,trendwave,U100144,False,140719,https://instagram.com/p/1144,https://cdn.example.com/img/145.jpg,Love this outfit ❤️ مجھے یہ look بہت پسند آیا,[],['zara'],mixed_en_ur,"Manchester, UK",modest,2026-05-04T16:48:00Z,46057,1265,2026-06-07T12:00:00Z,synthetic Instagram-like dataset,,0,Love this outfit ❤️ مجھے یہ look بہت پسند آیا zara,Love this outfit  red_heart  مجھے یہ look بہت پسند آیا zara,1,love this outfit red_heart مجھے یہ look بہت پسند ا یا zara,58,1,english,mixed,True,12
IG_000146,Instagram,fashionhub,U100145,False,210626,https://instagram.com/p/1145,https://cdn.example.com/img/146.jpg,,[],['zara'],ar,"Dubai, UAE",casual,2026-05-04T17:25:00Z,41500,125,2026-06-07T12:00:00Z,synthetic Instagram-like dataset,,0,zara,zara,0,zara,4,1,spanish,arabic,False,1
IG_000147,Instagram,modest.style,U100146,False,194514,https://instagram.com/p/1146,https://cdn.example.com/img/147.jpg,Love this oversized blazer 😍 #fashion #streetstyle,"['streetstyle', 'fashion']",[],en,"London, UK",modest,2026-05-04T18:02:00Z,37202,2442,2026-06-07T12:00:00Z,synthetic Instagram-like dataset,streetstyle fashion,2,Love this oversized blazer 😍 #fashion #streetstyle streetstyle fashion,Love this oversized blazer  smiling_face_with_heart-eyes  #fashion #streetstyle streetstyle fashion,1,love this oversized blazer smiling_face_with_heart eyes fashion streetstyle streetstyle fashion,95,0,english,english,False,10
IG_000148,Instagram,luxuryedit,U100147,True,43272,https://instagram.com/p/1147,https://cdn.example.com/img/148.jpg,Love this oversized blazer 😍 #fashion #streetstyle     ,"['streetstyle', 'fashion']",['zara'],en,"London, UK",casual,2026-05-04T18:39:00Z,27793,1989,2026-06-07T12:00:00Z,synthetic Instagram-like dataset,streetstyle fashion,2,Love this oversized blazer 😍 #fashion #streetstyle streetstyle fashion zara,Love this oversized blazer  smiling_face_with_heart-eyes  #fashion #streetstyle streetstyle fashion zara,1,love this oversized blazer smiling_face_with_heart eyes fashion streetstyle streetstyle fashion zara,100,1,english,english,False,11
IG_000149,Instagram,fashionhub,U100148,False,60173,https://instagram.com/p/1148,https://cdn.example.com/img/149.jpg,Nuevo look para el verano,[],[],es,"Madrid, Spain",streetwear,2026-05-04T19:16:00Z,18567,2777,2026-06-07T12:00:00Z,synthetic Instagram-like dataset,,0,Nuevo look para el verano,Nuevo look para el verano,0,nuevo look para el verano,25,0,spanish,spanish,False,5
IG_000150,Instagram,urbanlook,U100149,True,207731,https://instagram.com/p/1149,https://cdn.example.com/img/150.jpg,Weekend vibes 😍 یہ رنگ بہت خوبصورت ہے,[],[],mixed_en_ur,"Manchester, UK",streetwear,2026-05-04T19:53:00Z,508,837,2026-06-07T12:00:00Z,synthetic Instagram-like dataset,,0,Weekend vibes 😍 یہ رنگ بہت خوبصورت ہے,Weekend vibes  smiling_face_with_heart-eyes  یہ رنگ بہت خوبصورت ہے,1,weekend vibes smiling_face_with_heart eyes یہ رنگ بہت خوبصورت ہے,64,0,english,mixed,True,9
IG_000151,Instagram,urbanlook,U100150,False,63406,https://instagram.com/p/1150,https://cdn.example.com/img/151.jpg,هذا الفستان رائع ✨ #موضة,['موضة'],['zara'],ar,"Dubai, UAE",casual,2026-05-04T20:30:00Z,28228,719,2026-06-07T12:00:00Z,synthetic Instagram-like dataset,موضة,1,هذا الفستان رائع ✨ #موضة موضة zara,هذا الفستان رائع  sparkles  #موضة موضة zara,1,هذا الفستان راي ع sparkles موضة موضة zara,41,1,arabic,arabic,False,8
IG_000152,Instagram,fashionhub,U100151,False,437417,https://instagram.com/p/1151,https://cdn.example.com/img/152.jpg,مجھے یہ لباس بہت پسند آیا,[],[],ur,"Lahore, Pakistan",modest,2026-05-04T21:07:00Z,4728,1626,2026-06-07T12:00:00Z,synthetic Instagram-like dataset,,0,مجھے یہ لباس بہت پسند آیا,مجھے یہ لباس بہت پسند آیا,0,مجھے یہ لباس بہت پسند ا یا,26,0,urdu,urdu,False,7
IG_000153,Instagram,modest.style,U100152,False,452493,https://instagram.com/p/1152,https://cdn.example.com/img/153.jpg,Amazing style 🔥 هذا اللوك رائع,[],[],mixed_en_ar,"Doha, Qatar",sportswear,2026-05-04T21:44:00Z,37583,1656,2026-06-07T12:00:00Z,synthetic Instagram-like dataset,,0,Amazing style 🔥 هذا اللوك رائع,Amazing style  fire  هذا اللوك رائع,1,amazing style fire هذا اللوك راي ع,34,0,english,mixed,True,7
IG_000154,Instagram,modest.style,U100153,True,170772,https://instagram.com/p/1153,https://cdn.example.com/img/154.jpg,Weekend vibes 😍 یہ رنگ بہت خوبصورت ہے,[],['zara'],mixed_en_ur,"Manchester, UK",vintage,2026-05-04T22:21:00Z,30157,2824,2026-06-07T12:00:00Z,synthetic Instagram-like dataset,,0,Weekend vibes 😍 یہ رنگ بہت خوبصورت ہے zara,Weekend vibes  smiling_face_with_heart-eyes  یہ رنگ بہت خوبصورت ہے zara,1,weekend vibes smiling_face_with_heart eyes یہ رنگ بہت خوبصورت ہے zara,69,1,english,mixed,True,10
IG_000155,Instagram,style_daily,U100154,False,309238,https://instagram.com/p/1154,https://cdn.example.com/img/155.jpg,هذا الفستان رائع ✨ #موضة,['موضة'],[],ar,"Dubai, UAE",streetwear,2026-05-04T22:58:00Z,25941,1270,2026-06-07T12:00:00Z,synthetic Instagram-like dataset,موضة,1,هذا الفستان رائع ✨ #موضة موضة,هذا الفستان رائع  sparkles  #موضة موضة,1,هذا الفستان راي ع sparkles موضة موضة,36,0,arabic,arabic,False,7
IG_000156,Instagram,fashionhub,U100155,True,332492,https://instagram.com/p/1155,https://cdn.example.com/img/156.jpg,Weekend vibes 😍 یہ رنگ بہت خوبصورت ہے,[],['zara'],mixed_en_ur,"Manchester, UK",vintage,2026-05-04T23:35:00Z,12712,1431,2026-06-07T12:00:00Z,synthetic Instagram-like dataset,,0,Weekend vibes 😍 یہ رنگ بہت خوبصورت ہے zara,Weekend vibes  smiling_face_with_heart-eyes  یہ رنگ بہت خوبصورت ہے zara,1,weekend vibes smiling_face_with_heart eyes یہ رنگ بہت خوبصورت ہے zara,69,1,english,mixed,True,10
IG_000157,Instagram,fashionhub,U100156,False,91463,https://instagram.com/p/1156,https://cdn.example.com/img/157.jpg,هذا الفستان رائع ✨ #موضة,['موضة'],[],ar,"Dubai, UAE",casual,2026-05-05T00:12:00Z,4943,725,2026-06-07T12:00:00Z,synthetic Instagram-like dataset,موضة,1,هذا الفستان رائع ✨ #موضة موضة,هذا الفستان رائع  sparkles  #موضة موضة,1,هذا الفستان راي ع sparkles موضة موضة,36,0,arabic,arabic,False,7
IG_000158,Instagram,luxuryedit,U100157,False,235855,https://instagram.com/p/1157,https://cdn.example.com/img/158.jpg,Love these shoes ❤️ أحب هذا التصميم,[],[],mixed_en_ar,"Doha, Qatar",vintage,2026-05-05T00:49:00Z,42144,2602,2026-06-07T12:00:00Z,synthetic Instagram-like dataset,,0,Love these shoes ❤️ أحب هذا التصميم,Love these shoes  red_heart  أحب هذا التصميم,1,love these shoes red_heart ا حب هذا التصميم,43,0,english,mixed,True,8
IG_000159,Instagram,trendwave,U100158,False,231062,https://instagram.com/p/1158,https://cdn.example.com/img/159.jpg,Nuevo look para el verano,[],['zara'],es,"Madrid, Spain",sportswear,2026-05-05T01:26:00Z,41383,1240,2026-06-07T12:00:00Z,synthetic Instagram-like dataset,,0,Nuevo look para el verano zara,Nuevo look para el verano zara,0,nuevo look para el verano zara,30,1,spanish,spanish,False,6
IG_000160,Instagram,urbanlook,U100159,False,163243,https://instagram.com/p/1159,https://cdn.example.com/img/160.jpg,Love these shoes ❤️ أحب هذا التصميم,[],[],mixed_en_ar,"Doha, Qatar",streetwear,2026-05-05T02:03:00Z,3733,1510,2026-06-07T12:00:00Z,synthetic Instagram-like dataset,,0,Love these shoes ❤️ أحب هذا التصميم,Love these shoes  red_heart  أحب هذا التصميم,1,love these shoes red_heart ا حب هذا التصميم,43,0,english,mixed,True,8
IG_000161,Instagram,style_daily,U100160,False,266349,https://instagram.com/p/1160,https://cdn.example.com/img/161.jpg,,[],[],mixed_en_ar,"Doha, Qatar",vintage,2026-05-05T02:40:00Z,36332,168,2026-06-07T12:00:00Z,synthetic Instagram-like dataset,,0,,,0,,0,0,unknown,mixed,True,0
IG_000162,Instagram,modest.style,U100161,False,32939,https://instagram.com/p/1161,https://cdn.example.com/img/162.jpg,J'adore cette robe élégante ✨ #mode,['mode'],[],fr,"Paris, France",modest,2026-05-05T03:17:00Z,46818,345,2026-06-07T12:00:00Z,synthetic Instagram-like dataset,mode,1,J'adore cette robe élégante ✨ #mode mode,J'adore cette robe élégante  sparkles  #mode mode,1,j adore cette robe e le gante sparkles mode mode,48,0,german,french,False,10
IG_000163,Instagram,trendwave,U100162,False,230883,https://instagram.com/p/1162,https://cdn.example.com/img/163.jpg,,[],[],es,"Madrid, Spain",vintage,2026-05-05T03:54:00Z,10408,1490,2026-06-07T12:00:00Z,synthetic Instagram-like dataset,,0,,,0,,0,0,unknown,spanish,False,0
IG_000164,Instagram,urbanlook,U100163,False,27954,https://instagram.com/p/1163,https://cdn.example.com/img/164.jpg,أحب هذا اللوك كثيراً,[],[],ar,"Dubai, UAE",casual,2026-05-05T04:31:00Z,21936,269,2026-06-07T12:00:00Z,synthetic Instagram-like dataset,,0,أحب هذا اللوك كثيراً,أحب هذا اللوك كثيراً,0,ا حب هذا اللوك كثيرا,20,0,arabic,arabic,False,5
IG_000165,Instagram,modest.style,U100164,False,379944,https://instagram.com/p/1164,https://cdn.example.com/img/165.jpg,هذا الفستان رائع ✨ #موضة,['موضة'],[],ar,"Dubai, UAE",vintage,2026-05-05T05:08:00Z,9859,1365,2026-06-07T12:00:00Z,synthetic Instagram-like dataset,موضة,1,هذا الفستان رائع ✨ #موضة موضة,هذا الفستان رائع  sparkles  #موضة موضة,1,هذا الفستان راي ع sparkles موضة موضة,36,0,arabic,arabic,False,7
IG_000166,Instagram,urbanlook,U100165,False,366704,https://instagram.com/p/1165,https://cdn.example.com/img/166.jpg,Love this oversized blazer 😍 #fashion #streetstyle,"['streetstyle', 'fashion']",[],en,"London, UK",luxury,2026-05-05T05:45:00Z,39001,2903,2026-06-07T12:00:00Z,synthetic Instagram-like dataset,streetstyle fashion,2,Love this oversized blazer 😍 #fashion #streetstyle streetstyle fashion,Love this oversized blazer  smiling_face_with_heart-eyes  #fashion #streetstyle streetstyle fashion,1,love this oversized blazer smiling_face_with_heart eyes fashion streetstyle streetstyle fashion,95,0,english,english,False,10
IG_000167,Instagram,trendwave,U100166,False,426843,https://instagram.com/p/1166,https://cdn.example.com/img/167.jpg,Summer linen set is everything! Visit https://bit.ly/look @zara,[],['zara'],en,"London, UK",casual,2026-05-05T06:22:00Z,48421,2807,2026-06-07T12:00:00Z,synthetic Instagram-like dataset,,0,Summer linen set is everything! Visit https://bit.ly/look @zara zara,Summer linen set is everything! Visit https://bit.ly/look @zara zara,0,summer linen set is everything visit zara,41,1,english,english,False,7
IG_000168,Instagram,modest.style,U100167,False,10058,https://instagram.com/p/1167,https://cdn.example.com/img/168.jpg,Me encanta este vestido 😍 #moda,['moda'],[],es,"Madrid, Spain",luxury,2026-05-05T06:59:00Z,14042,1399,2026-06-07T12:00:00Z,synthetic Instagram-like dataset,moda,1,Me encanta este vestido 😍 #moda moda,Me encanta este vestido  smiling_face_with_heart-eyes  #moda moda,1,me encanta este vestido smiling_face_with_heart eyes moda moda,62,0,spanish,spanish,False,8
IG_000169,Instagram,fashionhub,U100168,False,155580,https://instagram.com/p/1168,https://cdn.example.com/img/169.jpg,"Love these shoes ❤️ أحب هذا التصميم
New drop!!",[],[],mixed_en_ar,"Doha, Qatar",streetwear,2026-05-05T07:36:00Z,33276,2210,2026-06-07T12:00:00Z,synthetic Instagram-like dataset,,0,Love these shoes ❤️ أحب هذا التصميم New drop!!,Love these shoes  red_heart  أحب هذا التصميم New drop!!,1,love these shoes red_heart ا حب هذا التصميم new drop,52,0,english,mixed,True,10
IG_000170,Instagram,luxuryedit,U100169,False,198009,https://instagram.com/p/1169,https://cdn.example.com/img/170.jpg,Amazing style 🔥 هذا اللوك رائع,[],['zara'],mixed_en_ar,"Doha, Qatar",luxury,2026-05-05T08:13:00Z,45411,2558,2026-06-07T12:00:00Z,synthetic Instagram-like dataset,,0,Amazing style 🔥 هذا اللوك رائع zara,Amazing style  fire  هذا اللوك رائع zara,1,amazing style fire هذا اللوك راي ع zara,39,1,english,mixed,True,8
IG_000171,Instagram,style_daily,U100170,False,355108,https://instagram.com/p/1170,https://cdn.example.com/img/171.jpg,Amazing style 🔥 هذا اللوك رائع,[],[],mixed_en_ar,"Doha, Qatar",sportswear,2026-05-05T08:50:00Z,40020,1167,2026-06-07T12:00:00Z,synthetic Instagram-like dataset,,0,Amazing style 🔥 هذا اللوك رائع,Amazing style  fire  هذا اللوك رائع,1,amazing style fire هذا اللوك راي ع,34,0,english,mixed,True,7
IG_000172,Instagram,fashionhub,U100171,False,424451,https://instagram.com/p/1171,https://cdn.example.com/img/172.jpg,Love these shoes ❤️ أحب هذا التصميم,[],[],mixed_en_ar,"Doha, Qatar",luxury,2026-05-05T09:27:00Z,24111,2778,2026-06-07T12:00:00Z,synthetic Instagram-like dataset,,0,Love these shoes ❤️ أحب هذا التصميم,Love these shoes  red_heart  أحب هذا التصميم,1,love these shoes red_heart ا حب هذا التصميم,43,0,english,mixed,True,8
IG_000173,Instagram,urbanlook,U100172,False,264167,https://instagram.com/p/1172,https://cdn.example.com/img/173.jpg,Nuevo look para el verano,[],[],es,"Madrid, Spain",luxury,2026-05-05T10:04:00Z,13092,2476,2026-06-07T12:00:00Z,synthetic Instagram-like dataset,,0,Nuevo look para el verano,Nuevo look para el verano,0,nuevo look para el verano,25,0,spanish,spanish,False,5
IG_000174,Instagram,modest.style,U100173,False,291239,https://instagram.com/p/1173,https://cdn.example.com/img/174.jpg,,[],[],ur,"Lahore, Pakistan",casual,2026-05-05T10:41:00Z,33815,510,2026-06-07T12:00:00Z,synthetic Instagram-like dataset,,0,,,0,,0,0,unknown,urdu,False,0
IG_000175,Instagram,urbanlook,U100174,False,269644,https://instagram.com/p/1174,https://cdn.example.com/img/175.jpg,هذا الفستان رائع ✨ #موضة,['موضة'],['zara'],ar,"Dubai, UAE",sportswear,2026-05-05T11:18:00Z,6015,909,2026-06-07T12:00:00Z,synthetic Instagram-like dataset,موضة,1,هذا الفستان رائع ✨ #موضة موضة zara,هذا الفستان رائع  sparkles  #موضة موضة zara,1,هذا الفستان راي ع sparkles موضة موضة zara,41,1,arabic,arabic,False,8
IG_000176,Instagram,style_daily,U100175,False,208356,https://instagram.com/p/1175,https://cdn.example.com/img/176.jpg,Love these shoes ❤️ أحب هذا التصميم,[],[],mixed_en_ar,"Doha, Qatar",luxury,2026-05-05T11:55:00Z,25312,334,2026-06-07T12:00:00Z,synthetic Instagram-like dataset,,0,Love these shoes ❤️ أحب هذا التصميم,Love these shoes  red_heart  أحب هذا التصميم,1,love these shoes red_heart ا حب هذا التصميم,43,0,english,mixed,True,8
IG_000177,Instagram,style_daily,U100176,False,341266,https://instagram.com/p/1176,https://cdn.example.com/img/177.jpg,,[],[],ar,"Dubai, UAE",luxury,2026-05-05T12:32:00Z,9022,156,2026-06-07T12:00:00Z,synthetic Instagram-like dataset,,0,,,0,,0,0,unknown,arabic,False,0
IG_000178,Instagram,fashionhub,U100177,False,246448,https://instagram.com/p/1177,https://cdn.example.com/img/178.jpg,أحب هذا اللوك كثيراً,[],[],ar,"Dubai, UAE",streetwear,2026-05-05T13:09:00Z,5197,77,2026-06-07T12:00:00Z,synthetic Instagram-like dataset,,0,أحب هذا اللوك كثيراً,أحب هذا اللوك كثيراً,0,ا حب هذا اللوك كثيرا,20,0,arabic,arabic,False,5
IG_000179,Instagram,luxuryedit,U100178,False,319728,https://instagram.com/p/1178,https://cdn.example.com/img/179.jpg,هذا الفستان رائع ✨ #موضة,['موضة'],[],ar,"Dubai, UAE",streetwear,2026-05-05T13:46:00Z,18886,973,2026-06-07T12:00:00Z,synthetic Instagram-like dataset,موضة,1,هذا الفستان رائع ✨ #موضة موضة,هذا الفستان رائع  sparkles  #موضة موضة,1,هذا الفستان راي ع sparkles موضة موضة,36,0,arabic,arabic,False,7
IG_000180,Instagram,modest.style,U100179,False,327032,https://instagram.com/p/1179,https://cdn.example.com/img/180.jpg,,[],[],ar,"Dubai, UAE",streetwear,2026-05-05T14:23:00Z,32761,2444,2026-06-07T12:00:00Z,synthetic Instagram-like dataset,,0,,,0,,0,0,unknown,arabic,False,0
IG_000181,Instagram,luxuryedit,U100180,False,75775,https://instagram.com/p/1180,https://cdn.example.com/img/181.jpg,Me encanta este vestido 😍 #moda,['moda'],['zara'],es,"Madrid, Spain",streetwear,2026-05-05T15:00:00Z,40297,1445,2026-06-07T12:00:00Z,synthetic Instagram-like dataset,moda,1,Me encanta este vestido 😍 #moda moda zara,Me encanta este vestido  smiling_face_with_heart-eyes  #moda moda zara,1,me encanta este vestido smiling_face_with_heart eyes moda moda zara,67,1,spanish,spanish,False,9
IG_000182,Instagram,trendwave,U100181,True,189560,https://instagram.com/p/1181,https://cdn.example.com/img/182.jpg,"مجھے یہ لباس بہت پسند آیا
New drop!!",[],['zara'],ur,"Lahore, Pakistan",vintage,2026-05-05T15:37:00Z,35661,2078,2026-06-07T12:00:00Z,synthetic Instagram-like dataset,,0,مجھے یہ لباس بہت پسند آیا New drop!! zara,مجھے یہ لباس بہت پسند آیا New drop!! zara,0,مجھے یہ لباس بہت پسند ا یا new drop zara,40,1,urdu,urdu,False,10
IG_000183,Instagram,modest.style,U100182,True,203337,https://instagram.com/p/1182,https://cdn.example.com/img/183.jpg,Amazing style 🔥 هذا اللوك رائع,[],[],mixed_en_ar,"Doha, Qatar",modest,2026-05-05T16:14:00Z,48981,66,2026-06-07T12:00:00Z,synthetic Instagram-like dataset,,0,Amazing style 🔥 هذا اللوك رائع,Amazing style  fire  هذا اللوك رائع,1,amazing style fire هذا اللوك راي ع,34,0,english,mixed,True,7
IG_000184,Instagram,trendwave,U100183,False,54849,https://instagram.com/p/1183,https://cdn.example.com/img/184.jpg,هذا الفستان رائع ✨ #موضة,['موضة'],[],ar,"Dubai, UAE",casual,2026-05-05T16:51:00Z,49594,1361,2026-06-07T12:00:00Z,synthetic Instagram-like dataset,موضة,1,هذا الفستان رائع ✨ #موضة موضة,هذا الفستان رائع  sparkles  #موضة موضة,1,هذا الفستان راي ع sparkles موضة موضة,36,0,arabic,arabic,False,7
IG_000185,Instagram,urbanlook,U100184,False,92297,https://instagram.com/p/1184,https://cdn.example.com/img/185.jpg,یہ عبایا بہت خوبصورت ہے 😍 #fashion,['fashion'],[],ur,"Lahore, Pakistan",casual,2026-05-05T17:28:00Z,30454,2848,2026-06-07T12:00:00Z,synthetic Instagram-like dataset,fashion,1,یہ عبایا بہت خوبصورت ہے 😍 #fashion fashion,یہ عبایا بہت خوبصورت ہے  smiling_face_with_heart-eyes  #fashion fashion,1,یہ عبایا بہت خوبصورت ہے smiling_face_with_heart eyes fashion fashion,68,0,english,urdu,False,9
IG_000186,Instagram,style_daily,U100185,False,495220,https://instagram.com/p/1185,https://cdn.example.com/img/186.jpg,J'adore cette robe élégante ✨ #mode,['mode'],[],fr,"Paris, France",modest,2026-05-05T18:05:00Z,13216,179,2026-06-07T12:00:00Z,synthetic Instagram-like dataset,mode,1,J'adore cette robe élégante ✨ #mode mode,J'adore cette robe élégante  sparkles  #mode mode,1,j adore cette robe e le gante sparkles mode mode,48,0,german,french,False,10
IG_000187,Instagram,urbanlook,U100186,False,270709,https://instagram.com/p/1186,https://cdn.example.com/img/187.jpg,Amazing style 🔥 هذا اللوك رائع,[],[],mixed_en_ar,"Doha, Qatar",vintage,2026-05-05T18:42:00Z,31029,1037,2026-06-07T12:00:00Z,synthetic Instagram-like dataset,,0,Amazing style 🔥 هذا اللوك رائع,Amazing style  fire  هذا اللوك رائع,1,amazing style fire هذا اللوك راي ع,34,0,english,mixed,True,7
IG_000188,Instagram,style_daily,U100187,False,174524,https://instagram.com/p/1187,https://cdn.example.com/img/188.jpg,Love this oversized blazer 😍 #fashion #streetstyle,"['streetstyle', 'fashion']",['zara'],en,"London, UK",modest,2026-05-05T19:19:00Z,28641,1638,2026-06-07T12:00:00Z,synthetic Instagram-like dataset,streetstyle fashion,2,Love this oversized blazer 😍 #fashion #streetstyle streetstyle fashion zara,Love this oversized blazer  smiling_face_with_heart-eyes  #fashion #streetstyle streetstyle fashion zara,1,love this oversized blazer smiling_face_with_heart eyes fashion streetstyle streetstyle fashion zara,100,1,english,english,False,11
IG_000189,Instagram,modest.style,U100188,False,98446,https://instagram.com/p/1188,https://cdn.example.com/img/189.jpg,Weekend vibes 😍 یہ رنگ بہت خوبصورت ہے,[],[],mixed_en_ur,"Manchester, UK",sportswear,2026-05-05T19:56:00Z,24079,2126,2026-06-07T12:00:00Z,synthetic Instagram-like dataset,,0,Weekend vibes 😍 یہ رنگ بہت خوبصورت ہے,Weekend vibes  smiling_face_with_heart-eyes  یہ رنگ بہت خوبصورت ہے,1,weekend vibes smiling_face_with_heart eyes یہ رنگ بہت خوبصورت ہے,64,0,english,mixed,True,9
IG_000190,Instagram,style_daily,U100189,False,431643,https://instagram.com/p/1189,https://cdn.example.com/img/190.jpg,هذا الفستان رائع ✨ #موضة,['موضة'],['zara'],ar,"Dubai, UAE",modest,2026-05-05T20:33:00Z,21055,420,2026-06-07T12:00:00Z,synthetic Instagram-like dataset,موضة,1,هذا الفستان رائع ✨ #موضة موضة zara,هذا الفستان رائع  sparkles  #موضة موضة zara,1,هذا الفستان راي ع sparkles موضة موضة zara,41,1,arabic,arabic,False,8
IG_000191,Instagram,urbanlook,U100190,False,376762,https://instagram.com/p/1190,https://cdn.example.com/img/191.jpg,Summer linen set is everything! Visit https://bit.ly/look @zara,[],[],en,"London, UK",casual,2026-05-05T21:10:00Z,29096,1439,2026-06-07T12:00:00Z,synthetic Instagram-like dataset,,0,Summer linen set is everything! Visit https://bit.ly/look @zara,Summer linen set is everything! Visit https://bit.ly/look @zara,0,summer linen set is everything visit,36,0,english,english,False,6
IG_000192,Instagram,urbanlook,U100191,False,228534,https://instagram.com/p/1191,https://cdn.example.com/img/192.jpg,J'adore cette robe élégante ✨ #mode,['mode'],['zara'],fr,"Paris, France",streetwear,2026-05-05T21:47:00Z,4922,2749,2026-06-07T12:00:00Z,synthetic Instagram-like dataset,mode,1,J'adore cette robe élégante ✨ #mode mode zara,J'adore cette robe élégante  sparkles  #mode mode zara,1,j adore cette robe e le gante sparkles mode mode zara,53,1,french,french,False,11
IG_000193,Instagram,trendwave,U100192,False,16826,https://instagram.com/p/1192,https://cdn.example.com/img/193.jpg,Weekend vibes 😍 یہ رنگ بہت خوبصورت ہے,[],['zara'],mixed_en_ur,"Manchester, UK",vintage,2026-05-05T22:24:00Z,44444,1794,2026-06-07T12:00:00Z,synthetic Instagram-like dataset,,0,Weekend vibes 😍 یہ رنگ بہت خوبصورت ہے zara,Weekend vibes  smiling_face_with_heart-eyes  یہ رنگ بہت خوبصورت ہے zara,1,weekend vibes smiling_face_with_heart eyes یہ رنگ بہت خوبصورت ہے zara,69,1,english,mixed,True,10
IG_000194,Instagram,trendwave,U100193,False,201225,https://instagram.com/p/1193,https://cdn.example.com/img/194.jpg,,[],[],en,"London, UK",streetwear,2026-05-05T23:01:00Z,39660,628,2026-06-07T12:00:00Z,synthetic Instagram-like dataset,,0,,,0,,0,0,unknown,english,False,0
IG_000195,Instagram,urbanlook,U100194,False,40810,https://instagram.com/p/1194,https://cdn.example.com/img/195.jpg,Weekend vibes 😍 یہ رنگ بہت خوبصورت ہے,[],[],mixed_en_ur,"Manchester, UK",vintage,2026-05-05T23:38:00Z,24053,1630,2026-06-07T12:00:00Z,synthetic Instagram-like dataset,,0,Weekend vibes 😍 یہ رنگ بہت خوبصورت ہے,Weekend vibes  smiling_face_with_heart-eyes  یہ رنگ بہت خوبصورت ہے,1,weekend vibes smiling_face_with_heart eyes یہ رنگ بہت خوبصورت ہے,64,0,english,mixed,True,9
IG_000196,Instagram,style_daily,U100195,True,98042,https://instagram.com/p/1195,https://cdn.example.com/img/196.jpg,أحب هذا اللوك كثيراً,[],[],ar,"Dubai, UAE",sportswear,2026-05-06T00:15:00Z,36814,482,2026-06-07T12:00:00Z,synthetic Instagram-like dataset,,0,أحب هذا اللوك كثيراً,أحب هذا اللوك كثيراً,0,ا حب هذا اللوك كثيرا,20,0,arabic,arabic,False,5
IG_000197,Instagram,fashionhub,U100196,False,150224,https://instagram.com/p/1196,https://cdn.example.com/img/197.jpg,أحب هذا اللوك كثيراً,[],[],ar,"Dubai, UAE",sportswear,2026-05-06T00:52:00Z,13123,502,2026-06-07T12:00:00Z,synthetic Instagram-like dataset,,0,أحب هذا اللوك كثيراً,أحب هذا اللوك كثيراً,0,ا حب هذا اللوك كثيرا,20,0,arabic,arabic,False,5
IG_000198,Instagram,trendwave,U100197,False,46527,https://instagram.com/p/1197,https://cdn.example.com/img/198.jpg,یہ عبایا بہت خوبصورت ہے 😍 #fashion,['fashion'],[],ur,"Lahore, Pakistan",modest,2026-05-06T01:29:00Z,43772,1423,2026-06-07T12:00:00Z,synthetic Instagram-like dataset,fashion,1,یہ عبایا بہت خوبصورت ہے 😍 #fashion fashion,یہ عبایا بہت خوبصورت ہے  smiling_face_with_heart-eyes  #fashion fashion,1,یہ عبایا بہت خوبصورت ہے smiling_face_with_heart eyes fashion fashion,68,0,english,urdu,False,9
IG_000199,Instagram,urbanlook,U100198,False,446858,https://instagram.com/p/1198,https://cdn.example.com/img/199.jpg,Love this outfit ❤️ مجھے یہ look بہت پسند آیا,[],['zara'],mixed_en_ur,"Manchester, UK",casual,2026-05-06T02:06:00Z,45894,2612,2026-06-07T12:00:00Z,synthetic Instagram-like dataset,,0,Love this outfit ❤️ مجھے یہ look بہت پسند آیا zara,Love this outfit  red_heart  مجھے یہ look بہت پسند آیا zara,1,love this outfit red_heart مجھے یہ look بہت پسند ا یا zara,58,1,english,mixed,True,12
IG_000200,Instagram,style_daily,U100199,False,415770,https://instagram.com/p/1199,https://cdn.example.com/img/200.jpg,مجھے یہ لباس بہت پسند آیا,[],['zara'],ur,"Lahore, Pakistan",sportswear,2026-05-06T02:43:00Z,1727,1478,2026-06-07T12:00:00Z,synthetic Instagram-like dataset,,0,مجھے یہ لباس بہت پسند آیا zara,مجھے یہ لباس بہت پسند آیا zara,0,مجھے یہ لباس بہت پسند ا یا zara,31,1,urdu,urdu,False,8
IG_000201,Instagram,luxuryedit,U100200,False,464099,https://instagram.com/p/1200,https://cdn.example.com/img/201.jpg,Nuevo look para el verano,[],['zara'],es,"Madrid, Spain",modest,2026-05-06T03:20:00Z,26098,2936,2026-06-07T12:00:00Z,synthetic Instagram-like dataset,,0,Nuevo look para el verano zara,Nuevo look para el verano zara,0,nuevo look para el verano zara,30,1,spanish,spanish,False,6
IG_000202,Instagram,modest.style,U100201,False,39166,https://instagram.com/p/1201,https://cdn.example.com/img/202.jpg,Weekend vibes 😍 یہ رنگ بہت خوبصورت ہے,[],['zara'],mixed_en_ur,"Manchester, UK",modest,2026-05-06T03:57:00Z,42101,303,2026-06-07T12:00:00Z,synthetic Instagram-like dataset,,0,Weekend vibes 😍 یہ رنگ بہت خوبصورت ہے zara,Weekend vibes  smiling_face_with_heart-eyes  یہ رنگ بہت خوبصورت ہے zara,1,weekend vibes smiling_face_with_heart eyes یہ رنگ بہت خوبصورت ہے zara,69,1,english,mixed,True,10
IG_000203,Instagram,urbanlook,U100202,False,435162,https://instagram.com/p/1202,https://cdn.example.com/img/203.jpg,Nouvelle collection &amp; disponible,[],[],fr,"Paris, France",casual,2026-05-06T04:34:00Z,38526,745,2026-06-07T12:00:00Z,synthetic Instagram-like dataset,,0,Nouvelle collection &amp; disponible,Nouvelle collection &amp; disponible,0,nouvelle collection disponible,30,0,french,french,False,3
IG_000204,Instagram,style_daily,U100203,False,272134,https://instagram.com/p/1203,https://cdn.example.com/img/204.jpg,Amazing style 🔥 هذا اللوك رائع,[],['zara'],mixed_en_ar,"Doha, Qatar",luxury,2026-05-06T05:11:00Z,10619,1321,2026-06-07T12:00:00Z,synthetic Instagram-like dataset,,0,Amazing style 🔥 هذا اللوك رائع zara,Amazing style  fire  هذا اللوك رائع zara,1,amazing style fire هذا اللوك راي ع zara,39,1,english,mixed,True,8
IG_000205,Instagram,luxuryedit,U100204,False,444012,https://instagram.com/p/1204,https://cdn.example.com/img/205.jpg,Love this outfit ❤️ مجھے یہ look بہت پسند آیا,[],['zara'],mixed_en_ur,"Manchester, UK",luxury,2026-05-06T05:48:00Z,41624,2256,2026-06-07T12:00:00Z,synthetic Instagram-like dataset,,0,Love this outfit ❤️ مجھے یہ look بہت پسند آیا zara,Love this outfit  red_heart  مجھے یہ look بہت پسند آیا zara,1,love this outfit red_heart مجھے یہ look بہت پسند ا یا zara,58,1,english,mixed,True,12
IG_000206,Instagram,luxuryedit,U100205,False,263993,https://instagram.com/p/1205,https://cdn.example.com/img/206.jpg,هذا الفستان رائع ✨ #موضة,['موضة'],[],ar,"Dubai, UAE",vintage,2026-05-06T06:25:00Z,38058,631,2026-06-07T12:00:00Z,synthetic Instagram-like dataset,موضة,1,هذا الفستان رائع ✨ #موضة موضة,هذا الفستان رائع  sparkles  #موضة موضة,1,هذا الفستان راي ع sparkles موضة موضة,36,0,arabic,arabic,False,7
IG_000207,Instagram,luxuryedit,U100206,True,453370,https://instagram.com/p/1206,https://cdn.example.com/img/207.jpg,مجھے یہ لباس بہت پسند آیا,[],['zara'],ur,"Lahore, Pakistan",streetwear,2026-05-06T07:02:00Z,42043,2362,2026-06-07T12:00:00Z,synthetic Instagram-like dataset,,0,مجھے یہ لباس بہت پسند آیا zara,مجھے یہ لباس بہت پسند آیا zara,0,مجھے یہ لباس بہت پسند ا یا zara,31,1,urdu,urdu,False,8
IG_000208,Instagram,modest.style,U100207,False,16378,https://instagram.com/p/1207,https://cdn.example.com/img/208.jpg,هذا الفستان رائع ✨ #موضة,['موضة'],[],ar,"Dubai, UAE",casual,2026-05-06T07:39:00Z,35759,1186,2026-06-07T12:00:00Z,synthetic Instagram-like dataset,موضة,1,هذا الفستان رائع ✨ #موضة موضة,هذا الفستان رائع  sparkles  #موضة موضة,1,هذا الفستان راي ع sparkles موضة موضة,36,0,arabic,arabic,False,7
IG_000209,Instagram,trendwave,U100208,False,238287,https://instagram.com/p/1208,https://cdn.example.com/img/209.jpg,Weekend vibes 😍 یہ رنگ بہت خوبصورت ہے,[],['zara'],mixed_en_ur,"Manchester, UK",streetwear,2026-05-06T08:16:00Z,10364,1800,2026-06-07T12:00:00Z,synthetic Instagram-like dataset,,0,Weekend vibes 😍 یہ رنگ بہت خوبصورت ہے zara,Weekend vibes  smiling_face_with_heart-eyes  یہ رنگ بہت خوبصورت ہے zara,1,weekend vibes smiling_face_with_heart eyes یہ رنگ بہت خوبصورت ہے zara,69,1,english,mixed,True,10
IG_000210,Instagram,urbanlook,U100209,False,164383,https://instagram.com/p/1209,https://cdn.example.com/img/210.jpg,Nouvelle collection &amp; disponible,[],[],fr,"Paris, France",modest,2026-05-06T08:53:00Z,48121,1414,2026-06-07T12:00:00Z,synthetic Instagram-like dataset,,0,Nouvelle collection &amp; disponible,Nouvelle collection &amp; disponible,0,nouvelle collection disponible,30,0,french,french,False,3
IG_000211,Instagram,luxuryedit,U100210,False,167808,https://instagram.com/p/1210,https://cdn.example.com/img/211.jpg,J'adore cette robe élégante ✨ #mode,['mode'],['zara'],fr,"Paris, France",streetwear,2026-05-06T09:30:00Z,17534,1841,2026-06-07T12:00:00Z,synthetic Instagram-like dataset,mode,1,J'adore cette robe élégante ✨ #mode mode zara,J'adore cette robe élégante  sparkles  #mode mode zara,1,j adore cette robe e le gante sparkles mode mode zara,53,1,french,french,False,11
IG_000212,Instagram,urbanlook,U100211,False,453570,https://instagram.com/p/1211,https://cdn.example.com/img/212.jpg,یہ عبایا بہت خوبصورت ہے 😍 #fashion     ,['fashion'],[],ur,"Lahore, Pakistan",luxury,2026-05-06T10:07:00Z,10471,1341,2026-06-07T12:00:00Z,synthetic Instagram-like dataset,fashion,1,یہ عبایا بہت خوبصورت ہے 😍 #fashion fashion,یہ عبایا بہت خوبصورت ہے  smiling_face_with_heart-eyes  #fashion fashion,1,یہ عبایا بہت خوبصورت ہے smiling_face_with_heart eyes fashion fashion,68,0,english,urdu,False,9
IG_000213,Instagram,fashionhub,U100212,False,270364,https://instagram.com/p/1212,https://cdn.example.com/img/213.jpg,"Nuevo look para el verano
New drop!!",[],[],es,"Madrid, Spain",modest,2026-05-06T10:44:00Z,32600,94,2026-06-07T12:00:00Z,synthetic Instagram-like dataset,,0,Nuevo look para el verano New drop!!,Nuevo look para el verano New drop!!,0,nuevo look para el verano new drop,34,0,spanish,spanish,False,7
IG_000214,Instagram,fashionhub,U100213,False,185518,https://instagram.com/p/1213,https://cdn.example.com/img/214.jpg,Summer linen set is everything! Visit https://bit.ly/look @zara,[],['zara'],en,"London, UK",modest,2026-05-06T11:21:00Z,32438,2447,2026-06-07T12:00:00Z,synthetic Instagram-like dataset,,0,Summer linen set is everything! Visit https://bit.ly/look @zara zara,Summer linen set is everything! Visit https://bit.ly/look @zara zara,0,summer linen set is everything visit zara,41,1,english,english,False,7
IG_000215,Instagram,style_daily,U100214,False,226430,https://instagram.com/p/1214,https://cdn.example.com/img/215.jpg,Love these shoes ❤️ أحب هذا التصميم,[],['zara'],mixed_en_ar,"Doha, Qatar",modest,2026-05-06T11:58:00Z,47682,1498,2026-06-07T12:00:00Z,synthetic Instagram-like dataset,,0,Love these shoes ❤️ أحب هذا التصميم zara,Love these shoes  red_heart  أحب هذا التصميم zara,1,love these shoes red_heart ا حب هذا التصميم zara,48,1,english,mixed,True,9
IG_000216,Instagram,modest.style,U100215,True,295053,https://instagram.com/p/1215,https://cdn.example.com/img/216.jpg,Love these shoes ❤️ أحب هذا التصميم,[],['zara'],mixed_en_ar,"Doha, Qatar",vintage,2026-05-06T12:35:00Z,18918,301,2026-06-07T12:00:00Z,synthetic Instagram-like dataset,,0,Love these shoes ❤️ أحب هذا التصميم zara,Love these shoes  red_heart  أحب هذا التصميم zara,1,love these shoes red_heart ا حب هذا التصميم zara,48,1,english,mixed,True,9
IG_000217,Instagram,urbanlook,U100216,False,327258,https://instagram.com/p/1216,https://cdn.example.com/img/217.jpg,Nouvelle collection &amp; disponible,[],[],fr,"Paris, France",streetwear,2026-05-06T13:12:00Z,8437,396,2026-06-07T12:00:00Z,synthetic Instagram-like dataset,,0,Nouvelle collection &amp; disponible,Nouvelle collection &amp; disponible,0,nouvelle collection disponible,30,0,french,french,False,3
IG_000218,Instagram,urbanlook,U100217,False,192183,https://instagram.com/p/1217,https://cdn.example.com/img/218.jpg,Nouvelle collection &amp; disponible,[],[],fr,"Paris, France",luxury,2026-05-06T13:49:00Z,39488,2085,2026-06-07T12:00:00Z,synthetic Instagram-like dataset,,0,Nouvelle collection &amp; disponible,Nouvelle collection &amp; disponible,0,nouvelle collection disponible,30,0,french,french,False,3
IG_000219,Instagram,fashionhub,U100218,False,422009,https://instagram.com/p/1218,https://cdn.example.com/img/219.jpg,,[],[],fr,"Paris, France",sportswear,2026-05-06T14:26:00Z,9765,2483,2026-06-07T12:00:00Z,synthetic Instagram-like dataset,,0,,,0,,0,0,unknown,french,False,0
IG_000220,Instagram,luxuryedit,U100219,False,206521,https://instagram.com/p/1219,https://cdn.example.com/img/220.jpg,Me encanta este vestido 😍 #moda,['moda'],[],es,"Madrid, Spain",casual,2026-05-06T15:03:00Z,19615,2431,2026-06-07T12:00:00Z,synthetic Instagram-like dataset,moda,1,Me encanta este vestido 😍 #moda moda,Me encanta este vestido  smiling_face_with_heart-eyes  #moda moda,1,me encanta este vestido smiling_face_with_heart eyes moda moda,62,0,spanish,spanish,False,8
IG_000221,Instagram,urbanlook,U100220,False,9222,https://instagram.com/p/1220,https://cdn.example.com/img/221.jpg,أحب هذا اللوك كثيراً,[],[],ar,"Dubai, UAE",casual,2026-05-06T15:40:00Z,7188,1706,2026-06-07T12:00:00Z,synthetic Instagram-like dataset,,0,أحب هذا اللوك كثيراً,أحب هذا اللوك كثيراً,0,ا حب هذا اللوك كثيرا,20,0,arabic,arabic,False,5
IG_000222,Instagram,trendwave,U100221,False,330413,https://instagram.com/p/1221,https://cdn.example.com/img/222.jpg,Nuevo look para el verano,[],['zara'],es,"Madrid, Spain",sportswear,2026-05-06T16:17:00Z,17406,2685,2026-06-07T12:00:00Z,synthetic Instagram-like dataset,,0,Nuevo look para el verano zara,Nuevo look para el verano zara,0,nuevo look para el verano zara,30,1,spanish,spanish,False,6
IG_000223,Instagram,luxuryedit,U100222,False,275348,https://instagram.com/p/1222,https://cdn.example.com/img/223.jpg,Amazing style 🔥 هذا اللوك رائع,[],[],mixed_en_ar,"Doha, Qatar",vintage,2026-05-06T16:54:00Z,24921,605,2026-06-07T12:00:00Z,synthetic Instagram-like dataset,,0,Amazing style 🔥 هذا اللوك رائع,Amazing style  fire  هذا اللوك رائع,1,amazing style fire هذا اللوك راي ع,34,0,english,mixed,True,7
IG_000224,Instagram,trendwave,U100223,False,10428,https://instagram.com/p/1223,https://cdn.example.com/img/224.jpg,,[],[],mixed_en_ar,"Doha, Qatar",sportswear,2026-05-06T17:31:00Z,9929,1691,2026-06-07T12:00:00Z,synthetic Instagram-like dataset,,0,,,0,,0,0,unknown,mixed,True,0
IG_000225,Instagram,luxuryedit,U100224,False,458107,https://instagram.com/p/1224,https://cdn.example.com/img/225.jpg,Love this outfit ❤️ مجھے یہ look بہت پسند آیا,[],[],mixed_en_ur,"Manchester, UK",casual,2026-05-06T18:08:00Z,4086,2890,2026-06-07T12:00:00Z,synthetic Instagram-like dataset,,0,Love this outfit ❤️ مجھے یہ look بہت پسند آیا,Love this outfit  red_heart  مجھے یہ look بہت پسند آیا,1,love this outfit red_heart مجھے یہ look بہت پسند ا یا,53,0,english,mixed,True,11
IG_000226,Instagram,trendwave,U100225,False,198064,https://instagram.com/p/1225,https://cdn.example.com/img/226.jpg,یہ عبایا بہت خوبصورت ہے 😍 #fashion,['fashion'],[],ur,"Lahore, Pakistan",luxury,2026-05-06T18:45:00Z,30129,2183,2026-06-07T12:00:00Z,synthetic Instagram-like dataset,fashion,1,یہ عبایا بہت خوبصورت ہے 😍 #fashion fashion,یہ عبایا بہت خوبصورت ہے  smiling_face_with_heart-eyes  #fashion fashion,1,یہ عبایا بہت خوبصورت ہے smiling_face_with_heart eyes fashion fashion,68,0,english,urdu,False,9
IG_000227,Instagram,trendwave,U100226,False,421845,https://instagram.com/p/1226,https://cdn.example.com/img/227.jpg,أحب هذا اللوك كثيراً,[],[],ar,"Dubai, UAE",vintage,2026-05-06T19:22:00Z,31736,787,2026-06-07T12:00:00Z,synthetic Instagram-like dataset,,0,أحب هذا اللوك كثيراً,أحب هذا اللوك كثيراً,0,ا حب هذا اللوك كثيرا,20,0,arabic,arabic,False,5
IG_000228,Instagram,fashionhub,U100227,False,156535,https://instagram.com/p/1227,https://cdn.example.com/img/228.jpg,مجھے یہ لباس بہت پسند آیا,[],[],ur,"Lahore, Pakistan",casual,2026-05-06T19:59:00Z,13589,2827,2026-06-07T12:00:00Z,synthetic Instagram-like dataset,,0,مجھے یہ لباس بہت پسند آیا,مجھے یہ لباس بہت پسند آیا,0,مجھے یہ لباس بہت پسند ا یا,26,0,urdu,urdu,False,7
IG_000229,Instagram,urbanlook,U100228,False,490439,https://instagram.com/p/1228,https://cdn.example.com/img/229.jpg,Weekend vibes 😍 یہ رنگ بہت خوبصورت ہے,[],[],mixed_en_ur,"Manchester, UK",modest,2026-05-06T20:36:00Z,18865,499,2026-06-07T12:00:00Z,synthetic Instagram-like dataset,,0,Weekend vibes 😍 یہ رنگ بہت خوبصورت ہے,Weekend vibes  smiling_face_with_heart-eyes  یہ رنگ بہت خوبصورت ہے,1,weekend vibes smiling_face_with_heart eyes یہ رنگ بہت خوبصورت ہے,64,0,english,mixed,True,9
IG_000230,Instagram,modest.style,U100229,False,405808,https://instagram.com/p/1229,https://cdn.example.com/img/230.jpg,Nuevo look para el verano,[],[],es,"Madrid, Spain",modest,2026-05-06T21:13:00Z,2761,1178,2026-06-07T12:00:00Z,synthetic Instagram-like dataset,,0,Nuevo look para el verano,Nuevo look para el verano,0,nuevo look para el verano,25,0,spanish,spanish,False,5
IG_000231,Instagram,modest.style,U100230,False,392320,https://instagram.com/p/1230,https://cdn.example.com/img/231.jpg,Love this outfit ❤️ مجھے یہ look بہت پسند آیا,[],[],mixed_en_ur,"Manchester, UK",luxury,2026-05-06T21:50:00Z,35301,1110,2026-06-07T12:00:00Z,synthetic Instagram-like dataset,,0,Love this outfit ❤️ مجھے یہ look بہت پسند آیا,Love this outfit  red_heart  مجھے یہ look بہت پسند آیا,1,love this outfit red_heart مجھے یہ look بہت پسند ا یا,53,0,english,mixed,True,11
IG_000232,Instagram,luxuryedit,U100231,False,125952,https://instagram.com/p/1231,https://cdn.example.com/img/232.jpg,Nuevo look para el verano     ,[],['zara'],es,"Madrid, Spain",casual,2026-05-06T22:27:00Z,34807,924,2026-06-07T12:00:00Z,synthetic Instagram-like dataset,,0,Nuevo look para el verano zara,Nuevo look para el verano zara,0,nuevo look para el verano zara,30,1,spanish,spanish,False,6
IG_000233,Instagram,modest.style,U100232,False,248175,https://instagram.com/p/1232,https://cdn.example.com/img/233.jpg,,[],['zara'],mixed_en_ur,"Manchester, UK",luxury,2026-05-06T23:04:00Z,344,2254,2026-06-07T12:00:00Z,synthetic Instagram-like dataset,,0,zara,zara,0,zara,4,1,spanish,mixed,True,1
IG_000234,Instagram,modest.style,U100233,False,105072,https://instagram.com/p/1233,https://cdn.example.com/img/234.jpg,مجھے یہ لباس بہت پسند آیا,[],[],ur,"Lahore, Pakistan",modest,2026-05-06T23:41:00Z,21053,1169,2026-06-07T12:00:00Z,synthetic Instagram-like dataset,,0,مجھے یہ لباس بہت پسند آیا,مجھے یہ لباس بہت پسند آیا,0,مجھے یہ لباس بہت پسند ا یا,26,0,urdu,urdu,False,7
IG_000235,Instagram,style_daily,U100234,False,122250,https://instagram.com/p/1234,https://cdn.example.com/img/235.jpg,Love this outfit ❤️ مجھے یہ look بہت پسند آیا,[],[],mixed_en_ur,"Manchester, UK",casual,2026-05-07T00:18:00Z,2449,717,2026-06-07T12:00:00Z,synthetic Instagram-like dataset,,0,Love this outfit ❤️ مجھے یہ look بہت پسند آیا,Love this outfit  red_heart  مجھے یہ look بہت پسند آیا,1,love this outfit red_heart مجھے یہ look بہت پسند ا یا,53,0,english,mixed,True,11
IG_000236,Instagram,style_daily,U100235,False,208639,https://instagram.com/p/1235,https://cdn.example.com/img/236.jpg,J'adore cette robe élégante ✨ #mode,['mode'],[],fr,"Paris, France",luxury,2026-05-07T00:55:00Z,49091,1185,2026-06-07T12:00:00Z,synthetic Instagram-like dataset,mode,1,J'adore cette robe élégante ✨ #mode mode,J'adore cette robe élégante  sparkles  #mode mode,1,j adore cette robe e le gante sparkles mode mode,48,0,german,french,False,10
IG_000237,Instagram,luxuryedit,U100236,False,176158,https://instagram.com/p/1236,https://cdn.example.com/img/237.jpg,Love this oversized blazer 😍 #fashion #streetstyle,"['streetstyle', 'fashion']",['zara'],en,"London, UK",casual,2026-05-07T01:32:00Z,35610,2147,2026-06-07T12:00:00Z,synthetic Instagram-like dataset,streetstyle fashion,2,Love this oversized blazer 😍 #fashion #streetstyle streetstyle fashion zara,Love this oversized blazer  smiling_face_with_heart-eyes  #fashion #streetstyle streetstyle fashion zara,1,love this oversized blazer smiling_face_with_heart eyes fashion streetstyle streetstyle fashion zara,100,1,english,english,False,11
IG_000238,Instagram,modest.style,U100237,False,424551,https://instagram.com/p/1237,https://cdn.example.com/img/238.jpg,J'adore cette robe élégante ✨ #mode,['mode'],['zara'],fr,"Paris, France",luxury,2026-05-07T02:09:00Z,47919,1879,2026-06-07T12:00:00Z,synthetic Instagram-like dataset,mode,1,J'adore cette robe élégante ✨ #mode mode zara,J'adore cette robe élégante  sparkles  #mode mode zara,1,j adore cette robe e le gante sparkles mode mode zara,53,1,french,french,False,11
IG_000239,Instagram,style_daily,U100238,False,415089,https://instagram.com/p/1238,https://cdn.example.com/img/239.jpg,Weekend vibes 😍 یہ رنگ بہت خوبصورت ہے,[],['zara'],mixed_en_ur,"Manchester, UK",casual,2026-05-07T02:46:00Z,49634,791,2026-06-07T12:00:00Z,synthetic Instagram-like dataset,,0,Weekend vibes 😍 یہ رنگ بہت خوبصورت ہے zara,Weekend vibes  smiling_face_with_heart-eyes  یہ رنگ بہت خوبصورت ہے zara,1,weekend vibes smiling_face_with_heart eyes یہ رنگ بہت خوبصورت ہے zara,69,1,english,mixed,True,10
IG_000240,Instagram,luxuryedit,U100239,False,210652,https://instagram.com/p/1239,https://cdn.example.com/img/240.jpg,مجھے یہ لباس بہت پسند آیا,[],[],ur,"Lahore, Pakistan",luxury,2026-05-07T03:23:00Z,9220,1955,2026-06-07T12:00:00Z,synthetic Instagram-like dataset,,0,مجھے یہ لباس بہت پسند آیا,مجھے یہ لباس بہت پسند آیا,0,مجھے یہ لباس بہت پسند ا یا,26,0,urdu,urdu,False,7
IG_000241,Instagram,modest.style,U100240,False,395685,https://instagram.com/p/1240,https://cdn.example.com/img/241.jpg,,[],['zara'],ar,"Dubai, UAE",modest,2026-05-07T04:00:00Z,19793,2385,2026-06-07T12:00:00Z,synthetic Instagram-like dataset,,0,zara,zara,0,zara,4,1,spanish,arabic,False,1
IG_000242,Instagram,urbanlook,U100241,False,33071,https://instagram.com/p/1241,https://cdn.example.com/img/242.jpg,Love this outfit ❤️ مجھے یہ look بہت پسند آیا,[],[],mixed_en_ur,"Manchester, UK",sportswear,2026-05-07T04:37:00Z,20111,654,2026-06-07T12:00:00Z,synthetic Instagram-like dataset,,0,Love this outfit ❤️ مجھے یہ look بہت پسند آیا,Love this outfit  red_heart  مجھے یہ look بہت پسند آیا,1,love this outfit red_heart مجھے یہ look بہت پسند ا یا,53,0,english,mixed,True,11
IG_000243,Instagram,trendwave,U100242,False,155184,https://instagram.com/p/1242,https://cdn.example.com/img/243.jpg,Nouvelle collection &amp; disponible,[],[],fr,"Paris, France",luxury,2026-05-07T05:14:00Z,14365,547,2026-06-07T12:00:00Z,synthetic Instagram-like dataset,,0,Nouvelle collection &amp; disponible,Nouvelle collection &amp; disponible,0,nouvelle collection disponible,30,0,french,french,False,3
IG_000244,Instagram,luxuryedit,U100243,False,368519,https://instagram.com/p/1243,https://cdn.example.com/img/244.jpg,J'adore cette robe élégante ✨ #mode,['mode'],[],fr,"Paris, France",sportswear,2026-05-07T05:51:00Z,49638,2201,2026-06-07T12:00:00Z,synthetic Instagram-like dataset,mode,1,J'adore cette robe élégante ✨ #mode mode,J'adore cette robe élégante  sparkles  #mode mode,1,j adore cette robe e le gante sparkles mode mode,48,0,german,french,False,10
IG_000245,Instagram,trendwave,U100244,False,458274,https://instagram.com/p/1244,https://cdn.example.com/img/245.jpg,Amazing style 🔥 هذا اللوك رائع,[],[],mixed_en_ar,"Doha, Qatar",vintage,2026-05-07T06:28:00Z,29283,2163,2026-06-07T12:00:00Z,synthetic Instagram-like dataset,,0,Amazing style 🔥 هذا اللوك رائع,Amazing style  fire  هذا اللوك رائع,1,amazing style fire هذا اللوك راي ع,34,0,english,mixed,True,7
IG_000246,Instagram,luxuryedit,U100245,False,435016,https://instagram.com/p/1245,https://cdn.example.com/img/246.jpg,,[],[],mixed_en_ur,"Manchester, UK",vintage,2026-05-07T07:05:00Z,13253,2345,2026-06-07T12:00:00Z,synthetic Instagram-like dataset,,0,,,0,,0,0,unknown,mixed,True,0
IG_000247,Instagram,luxuryedit,U100246,False,357170,https://instagram.com/p/1246,https://cdn.example.com/img/247.jpg,"Me encanta este vestido 😍 #moda
New drop!!",['moda'],['zara'],es,"Madrid, Spain",vintage,2026-05-07T07:42:00Z,32040,372,2026-06-07T12:00:00Z,synthetic Instagram-like dataset,moda,1,Me encanta este vestido 😍 #moda New drop!! moda zara,Me encanta este vestido  smiling_face_with_heart-eyes  #moda New drop!! moda zara,1,me encanta este vestido smiling_face_with_heart eyes moda new drop moda zara,76,1,english,spanish,False,11
IG_000248,Instagram,modest.style,U100247,False,218302,https://instagram.com/p/1247,https://cdn.example.com/img/248.jpg,Nuevo look para el verano,[],[],es,"Madrid, Spain",streetwear,2026-05-07T08:19:00Z,36626,1893,2026-06-07T12:00:00Z,synthetic Instagram-like dataset,,0,Nuevo look para el verano,Nuevo look para el verano,0,nuevo look para el verano,25,0,spanish,spanish,False,5
IG_000249,Instagram,modest.style,U100248,False,2080,https://instagram.com/p/1248,https://cdn.example.com/img/249.jpg,Weekend vibes 😍 یہ رنگ بہت خوبصورت ہے,[],[],mixed_en_ur,"Manchester, UK",vintage,2026-05-07T08:56:00Z,4791,185,2026-06-07T12:00:00Z,synthetic Instagram-like dataset,,0,Weekend vibes 😍 یہ رنگ بہت خوبصورت ہے,Weekend vibes  smiling_face_with_heart-eyes  یہ رنگ بہت خوبصورت ہے,1,weekend vibes smiling_face_with_heart eyes یہ رنگ بہت خوبصورت ہے,64,0,english,mixed,True,9
IG_000250,Instagram,luxuryedit,U100249,False,490490,https://instagram.com/p/1249,https://cdn.example.com/img/250.jpg,Nouvelle collection &amp; disponible,[],[],fr,"Paris, France",sportswear,2026-05-07T09:33:00Z,2084,1175,2026-06-07T12:00:00Z,synthetic Instagram-like dataset,,0,Nouvelle collection &amp; disponible,Nouvelle collection &amp; disponible,0,nouvelle collection disponible,30,0,french,french,False,3
IG_000251,Instagram,trendwave,U100250,False,339127,https://instagram.com/p/1250,https://cdn.example.com/img/251.jpg,J'adore cette robe élégante ✨ #mode,['mode'],[],fr,"Paris, France",modest,2026-05-07T10:10:00Z,25071,1837,2026-06-07T12:00:00Z,synthetic Instagram-like dataset,mode,1,J'adore cette robe élégante ✨ #mode mode,J'adore cette robe élégante  sparkles  #mode mode,1,j adore cette robe e le gante sparkles mode mode,48,0,german,french,False,10
IG_000252,Instagram,trendwave,U100251,False,459018,https://instagram.com/p/1251,https://cdn.example.com/img/252.jpg,Love these shoes ❤️ أحب هذا التصميم,[],[],mixed_en_ar,"Doha, Qatar",casual,2026-05-07T10:47:00Z,22796,485,2026-06-07T12:00:00Z,synthetic Instagram-like dataset,,0,Love these shoes ❤️ أحب هذا التصميم,Love these shoes  red_heart  أحب هذا التصميم,1,love these shoes red_heart ا حب هذا التصميم,43,0,english,mixed,True,8
IG_000253,Instagram,trendwave,U100252,False,438186,https://instagram.com/p/1252,https://cdn.example.com/img/253.jpg,مجھے یہ لباس بہت پسند آیا,[],['zara'],ur,"Lahore, Pakistan",streetwear,2026-05-07T11:24:00Z,19558,1896,2026-06-07T12:00:00Z,synthetic Instagram-like dataset,,0,مجھے یہ لباس بہت پسند آیا zara,مجھے یہ لباس بہت پسند آیا zara,0,مجھے یہ لباس بہت پسند ا یا zara,31,1,urdu,urdu,False,8
IG_000254,Instagram,fashionhub,U100253,False,181987,https://instagram.com/p/1253,https://cdn.example.com/img/254.jpg,Weekend vibes 😍 یہ رنگ بہت خوبصورت ہے,[],['zara'],mixed_en_ur,"Manchester, UK",luxury,2026-05-07T12:01:00Z,47520,462,2026-06-07T12:00:00Z,synthetic Instagram-like dataset,,0,Weekend vibes 😍 یہ رنگ بہت خوبصورت ہے zara,Weekend vibes  smiling_face_with_heart-eyes  یہ رنگ بہت خوبصورت ہے zara,1,weekend vibes smiling_face_with_heart eyes یہ رنگ بہت خوبصورت ہے zara,69,1,english,mixed,True,10
IG_000255,Instagram,style_daily,U100254,False,35779,https://instagram.com/p/1254,https://cdn.example.com/img/255.jpg,Summer linen set is everything! Visit https://bit.ly/look @zara,[],['zara'],en,"London, UK",streetwear,2026-05-07T12:38:00Z,29262,2448,2026-06-07T12:00:00Z,synthetic Instagram-like dataset,,0,Summer linen set is everything! Visit https://bit.ly/look @zara zara,Summer linen set is everything! Visit https://bit.ly/look @zara zara,0,summer linen set is everything visit zara,41,1,english,english,False,7
IG_000256,Instagram,style_daily,U100255,False,123361,https://instagram.com/p/1255,https://cdn.example.com/img/256.jpg,Love this outfit ❤️ مجھے یہ look بہت پسند آیا,[],[],mixed_en_ur,"Manchester, UK",streetwear,2026-05-07T13:15:00Z,9188,2063,2026-06-07T12:00:00Z,synthetic Instagram-like dataset,,0,Love this outfit ❤️ مجھے یہ look بہت پسند آیا,Love this outfit  red_heart  مجھے یہ look بہت پسند آیا,1,love this outfit red_heart مجھے یہ look بہت پسند ا یا,53,0,english,mixed,True,11
IG_000257,Instagram,trendwave,U100256,False,303263,https://instagram.com/p/1256,https://cdn.example.com/img/257.jpg,هذا الفستان رائع ✨ #موضة,['موضة'],[],ar,"Dubai, UAE",casual,2026-05-07T13:52:00Z,21020,970,2026-06-07T12:00:00Z,synthetic Instagram-like dataset,موضة,1,هذا الفستان رائع ✨ #موضة موضة,هذا الفستان رائع  sparkles  #موضة موضة,1,هذا الفستان راي ع sparkles موضة موضة,36,0,arabic,arabic,False,7
IG_000258,Instagram,luxuryedit,U100257,False,158049,https://instagram.com/p/1257,https://cdn.example.com/img/258.jpg,هذا الفستان رائع ✨ #موضة,['موضة'],['zara'],ar,"Dubai, UAE",vintage,2026-05-07T14:29:00Z,38780,717,2026-06-07T12:00:00Z,synthetic Instagram-like dataset,موضة,1,هذا الفستان رائع ✨ #موضة موضة zara,هذا الفستان رائع  sparkles  #موضة موضة zara,1,هذا الفستان راي ع sparkles موضة موضة zara,41,1,arabic,arabic,False,8
IG_000259,Instagram,style_daily,U100258,False,494162,https://instagram.com/p/1258,https://cdn.example.com/img/259.jpg,Weekend vibes 😍 یہ رنگ بہت خوبصورت ہے,[],[],mixed_en_ur,"Manchester, UK",sportswear,2026-05-07T15:06:00Z,34376,1305,2026-06-07T12:00:00Z,synthetic Instagram-like dataset,,0,Weekend vibes 😍 یہ رنگ بہت خوبصورت ہے,Weekend vibes  smiling_face_with_heart-eyes  یہ رنگ بہت خوبصورت ہے,1,weekend vibes smiling_face_with_heart eyes یہ رنگ بہت خوبصورت ہے,64,0,english,mixed,True,9
IG_000260,Instagram,urbanlook,U100259,False,396031,https://instagram.com/p/1259,https://cdn.example.com/img/260.jpg,Weekend vibes 😍 یہ رنگ بہت خوبصورت ہے,[],[],mixed_en_ur,"Manchester, UK",luxury,2026-05-07T15:43:00Z,14773,1231,2026-06-07T12:00:00Z,synthetic Instagram-like dataset,,0,Weekend vibes 😍 یہ رنگ بہت خوبصورت ہے,Weekend vibes  smiling_face_with_heart-eyes  یہ رنگ بہت خوبصورت ہے,1,weekend vibes smiling_face_with_heart eyes یہ رنگ بہت خوبصورت ہے,64,0,english,mixed,True,9
IG_000261,Instagram,style_daily,U100260,False,218870,https://instagram.com/p/1260,https://cdn.example.com/img/261.jpg,Amazing style 🔥 هذا اللوك رائع,[],[],mixed_en_ar,"Doha, Qatar",luxury,2026-05-07T16:20:00Z,25460,994,2026-06-07T12:00:00Z,synthetic Instagram-like dataset,,0,Amazing style 🔥 هذا اللوك رائع,Amazing style  fire  هذا اللوك رائع,1,amazing style fire هذا اللوك راي ع,34,0,english,mixed,True,7
IG_000262,Instagram,style_daily,U100261,False,444641,https://instagram.com/p/1261,https://cdn.example.com/img/262.jpg,هذا الفستان رائع ✨ #موضة,['موضة'],[],ar,"Dubai, UAE",vintage,2026-05-07T16:57:00Z,47491,780,2026-06-07T12:00:00Z,synthetic Instagram-like dataset,موضة,1,هذا الفستان رائع ✨ #موضة موضة,هذا الفستان رائع  sparkles  #موضة موضة,1,هذا الفستان راي ع sparkles موضة موضة,36,0,arabic,arabic,False,7
IG_000263,Instagram,luxuryedit,U100262,False,458528,https://instagram.com/p/1262,https://cdn.example.com/img/263.jpg,Summer linen set is everything! Visit https://bit.ly/look @zara,[],['zara'],en,"London, UK",vintage,2026-05-07T17:34:00Z,47473,2750,2026-06-07T12:00:00Z,synthetic Instagram-like dataset,,0,Summer linen set is everything! Visit https://bit.ly/look @zara zara,Summer linen set is everything! Visit https://bit.ly/look @zara zara,0,summer linen set is everything visit zara,41,1,english,english,False,7
IG_000264,Instagram,urbanlook,U100263,False,477074,https://instagram.com/p/1263,https://cdn.example.com/img/264.jpg,Me encanta este vestido 😍 #moda,['moda'],['zara'],es,"Madrid, Spain",luxury,2026-05-07T18:11:00Z,48598,480,2026-06-07T12:00:00Z,synthetic Instagram-like dataset,moda,1,Me encanta este vestido 😍 #moda moda zara,Me encanta este vestido  smiling_face_with_heart-eyes  #moda moda zara,1,me encanta este vestido smiling_face_with_heart eyes moda moda zara,67,1,spanish,spanish,False,9
IG_000265,Instagram,trendwave,U100264,False,107723,https://instagram.com/p/1264,https://cdn.example.com/img/265.jpg,Weekend vibes 😍 یہ رنگ بہت خوبصورت ہے,[],[],mixed_en_ur,"Manchester, UK",luxury,2026-05-07T18:48:00Z,36186,1317,2026-06-07T12:00:00Z,synthetic Instagram-like dataset,,0,Weekend vibes 😍 یہ رنگ بہت خوبصورت ہے,Weekend vibes  smiling_face_with_heart-eyes  یہ رنگ بہت خوبصورت ہے,1,weekend vibes smiling_face_with_heart eyes یہ رنگ بہت خوبصورت ہے,64,0,english,mixed,True,9
IG_000266,Instagram,luxuryedit,U100265,False,162202,https://instagram.com/p/1265,https://cdn.example.com/img/266.jpg,Love these shoes ❤️ أحب هذا التصميم,[],['zara'],mixed_en_ar,"Doha, Qatar",vintage,2026-05-07T19:25:00Z,32594,1908,2026-06-07T12:00:00Z,synthetic Instagram-like dataset,,0,Love these shoes ❤️ أحب هذا التصميم zara,Love these shoes  red_heart  أحب هذا التصميم zara,1,love these shoes red_heart ا حب هذا التصميم zara,48,1,english,mixed,True,9
IG_000267,Instagram,urbanlook,U100266,False,194856,https://instagram.com/p/1266,https://cdn.example.com/img/267.jpg,Summer linen set is everything! Visit https://bit.ly/look @zara,[],[],en,"London, UK",streetwear,2026-05-07T20:02:00Z,36870,906,2026-06-07T12:00:00Z,synthetic Instagram-like dataset,,0,Summer linen set is everything! Visit https://bit.ly/look @zara,Summer linen set is everything! Visit https://bit.ly/look @zara,0,summer linen set is everything visit,36,0,english,english,False,6
IG_000268,Instagram,luxuryedit,U100267,False,304137,https://instagram.com/p/1267,https://cdn.example.com/img/268.jpg,,[],[],mixed_en_ur,"Manchester, UK",modest,2026-05-07T20:39:00Z,9993,803,2026-06-07T12:00:00Z,synthetic Instagram-like dataset,,0,,,0,,0,0,unknown,mixed,True,0
IG_000269,Instagram,fashionhub,U100268,False,343703,https://instagram.com/p/1268,https://cdn.example.com/img/269.jpg,هذا الفستان رائع ✨ #موضة,['موضة'],[],ar,"Dubai, UAE",modest,2026-05-07T21:16:00Z,16869,2001,2026-06-07T12:00:00Z,synthetic Instagram-like dataset,موضة,1,هذا الفستان رائع ✨ #موضة موضة,هذا الفستان رائع  sparkles  #موضة موضة,1,هذا الفستان راي ع sparkles موضة موضة,36,0,arabic,arabic,False,7
IG_000270,Instagram,trendwave,U100269,False,89243,https://instagram.com/p/1269,https://cdn.example.com/img/270.jpg,Weekend vibes 😍 یہ رنگ بہت خوبصورت ہے,[],['zara'],mixed_en_ur,"Manchester, UK",vintage,2026-05-07T21:53:00Z,32007,753,2026-06-07T12:00:00Z,synthetic Instagram-like dataset,,0,Weekend vibes 😍 یہ رنگ بہت خوبصورت ہے zara,Weekend vibes  smiling_face_with_heart-eyes  یہ رنگ بہت خوبصورت ہے zara,1,weekend vibes smiling_face_with_heart eyes یہ رنگ بہت خوبصورت ہے zara,69,1,english,mixed,True,10
IG_000271,Instagram,style_daily,U100270,False,350837,https://instagram.com/p/1270,https://cdn.example.com/img/271.jpg,Me encanta este vestido 😍 #moda,['moda'],['zara'],es,"Madrid, Spain",streetwear,2026-05-07T22:30:00Z,27031,563,2026-06-07T12:00:00Z,synthetic Instagram-like dataset,moda,1,Me encanta este vestido 😍 #moda moda zara,Me encanta este vestido  smiling_face_with_heart-eyes  #moda moda zara,1,me encanta este vestido smiling_face_with_heart eyes moda moda zara,67,1,spanish,spanish,False,9
IG_000272,Instagram,fashionhub,U100271,True,265649,https://instagram.com/p/1271,https://cdn.example.com/img/272.jpg,,[],[],mixed_en_ar,"Doha, Qatar",streetwear,2026-05-07T23:07:00Z,40495,2612,2026-06-07T12:00:00Z,synthetic Instagram-like dataset,,0,,,0,,0,0,unknown,mixed,True,0
IG_000273,Instagram,style_daily,U100272,True,289720,https://instagram.com/p/1272,https://cdn.example.com/img/273.jpg,Weekend vibes 😍 یہ رنگ بہت خوبصورت ہے,[],[],mixed_en_ur,"Manchester, UK",streetwear,2026-05-07T23:44:00Z,34700,2958,2026-06-07T12:00:00Z,synthetic Instagram-like dataset,,0,Weekend vibes 😍 یہ رنگ بہت خوبصورت ہے,Weekend vibes  smiling_face_with_heart-eyes  یہ رنگ بہت خوبصورت ہے,1,weekend vibes smiling_face_with_heart eyes یہ رنگ بہت خوبصورت ہے,64,0,english,mixed,True,9
IG_000274,Instagram,trendwave,U100273,False,423164,https://instagram.com/p/1273,https://cdn.example.com/img/274.jpg,,[],[],ar,"Dubai, UAE",luxury,2026-05-08T00:21:00Z,7018,394,2026-06-07T12:00:00Z,synthetic Instagram-like dataset,,0,,,0,,0,0,unknown,arabic,False,0
IG_000275,Instagram,luxuryedit,U100274,False,427907,https://instagram.com/p/1274,https://cdn.example.com/img/275.jpg,Me encanta este vestido 😍 #moda,['moda'],[],es,"Madrid, Spain",sportswear,2026-05-08T00:58:00Z,5183,1528,2026-06-07T12:00:00Z,synthetic Instagram-like dataset,moda,1,Me encanta este vestido 😍 #moda moda,Me encanta este vestido  smiling_face_with_heart-eyes  #moda moda,1,me encanta este vestido smiling_face_with_heart eyes moda moda,62,0,spanish,spanish,False,8
IG_000276,Instagram,trendwave,U100275,False,359134,https://instagram.com/p/1275,https://cdn.example.com/img/276.jpg,Nouvelle collection &amp; disponible,[],[],fr,"Paris, France",streetwear,2026-05-08T01:35:00Z,42848,2661,2026-06-07T12:00:00Z,synthetic Instagram-like dataset,,0,Nouvelle collection &amp; disponible,Nouvelle collection &amp; disponible,0,nouvelle collection disponible,30,0,french,french,False,3
IG_000277,Instagram,modest.style,U100276,False,250063,https://instagram.com/p/1276,https://cdn.example.com/img/277.jpg,Amazing style 🔥 هذا اللوك رائع     ,[],['zara'],mixed_en_ar,"Doha, Qatar",streetwear,2026-05-08T02:12:00Z,46066,701,2026-06-07T12:00:00Z,synthetic Instagram-like dataset,,0,Amazing style 🔥 هذا اللوك رائع zara,Amazing style  fire  هذا اللوك رائع zara,1,amazing style fire هذا اللوك راي ع zara,39,1,english,mixed,True,8
IG_000278,Instagram,trendwave,U100277,False,297171,https://instagram.com/p/1277,https://cdn.example.com/img/278.jpg,Summer linen set is everything! Visit https://bit.ly/look @zara,[],[],en,"London, UK",streetwear,2026-05-08T02:49:00Z,34618,174,2026-06-07T12:00:00Z,synthetic Instagram-like dataset,,0,Summer linen set is everything! Visit https://bit.ly/look @zara,Summer linen set is everything! Visit https://bit.ly/look @zara,0,summer linen set is everything visit,36,0,english,english,False,6
IG_000279,Instagram,trendwave,U100278,False,249799,https://instagram.com/p/1278,https://cdn.example.com/img/279.jpg,یہ عبایا بہت خوبصورت ہے 😍 #fashion,['fashion'],['zara'],ur,"Lahore, Pakistan",streetwear,2026-05-08T03:26:00Z,44859,1148,2026-06-07T12:00:00Z,synthetic Instagram-like dataset,fashion,1,یہ عبایا بہت خوبصورت ہے 😍 #fashion fashion zara,یہ عبایا بہت خوبصورت ہے  smiling_face_with_heart-eyes  #fashion fashion zara,1,یہ عبایا بہت خوبصورت ہے smiling_face_with_heart eyes fashion fashion zara,73,1,english,urdu,False,10
IG_000280,Instagram,urbanlook,U100279,True,109110,https://instagram.com/p/1279,https://cdn.example.com/img/280.jpg,"Me encanta este vestido 😍 #moda
New drop!!",['moda'],[],es,"Madrid, Spain",casual,2026-05-08T04:03:00Z,26107,315,2026-06-07T12:00:00Z,synthetic Instagram-like dataset,moda,1,Me encanta este vestido 😍 #moda New drop!! moda,Me encanta este vestido  smiling_face_with_heart-eyes  #moda New drop!! moda,1,me encanta este vestido smiling_face_with_heart eyes moda new drop moda,71,0,english,spanish,False,10
IG_000281,Instagram,luxuryedit,U100280,False,204530,https://instagram.com/p/1280,https://cdn.example.com/img/281.jpg,هذا الفستان رائع ✨ #موضة,['موضة'],[],ar,"Dubai, UAE",vintage,2026-05-08T04:40:00Z,21745,1572,2026-06-07T12:00:00Z,synthetic Instagram-like dataset,موضة,1,هذا الفستان رائع ✨ #موضة موضة,هذا الفستان رائع  sparkles  #موضة موضة,1,هذا الفستان راي ع sparkles موضة موضة,36,0,arabic,arabic,False,7
IG_000282,Instagram,trendwave,U100281,False,263059,https://instagram.com/p/1281,https://cdn.example.com/img/282.jpg,Amazing style 🔥 هذا اللوك رائع,[],[],mixed_en_ar,"Doha, Qatar",modest,2026-05-08T05:17:00Z,3524,400,2026-06-07T12:00:00Z,synthetic Instagram-like dataset,,0,Amazing style 🔥 هذا اللوك رائع,Amazing style  fire  هذا اللوك رائع,1,amazing style fire هذا اللوك راي ع,34,0,english,mixed,True,7
IG_000283,Instagram,urbanlook,U100282,False,322342,https://instagram.com/p/1282,https://cdn.example.com/img/283.jpg,J'adore cette robe élégante ✨ #mode,['mode'],[],fr,"Paris, France",sportswear,2026-05-08T05:54:00Z,21394,121,2026-06-07T12:00:00Z,synthetic Instagram-like dataset,mode,1,J'adore cette robe élégante ✨ #mode mode,J'adore cette robe élégante  sparkles  #mode mode,1,j adore cette robe e le gante sparkles mode mode,48,0,german,french,False,10
IG_000284,Instagram,modest.style,U100283,False,187047,https://instagram.com/p/1283,https://cdn.example.com/img/284.jpg,Weekend vibes 😍 یہ رنگ بہت خوبصورت ہے,[],[],mixed_en_ur,"Manchester, UK",sportswear,2026-05-08T06:31:00Z,28306,760,2026-06-07T12:00:00Z,synthetic Instagram-like dataset,,0,Weekend vibes 😍 یہ رنگ بہت خوبصورت ہے,Weekend vibes  smiling_face_with_heart-eyes  یہ رنگ بہت خوبصورت ہے,1,weekend vibes smiling_face_with_heart eyes یہ رنگ بہت خوبصورت ہے,64,0,english,mixed,True,9
IG_000285,Instagram,luxuryedit,U100284,False,129710,https://instagram.com/p/1284,https://cdn.example.com/img/285.jpg,Weekend vibes 😍 یہ رنگ بہت خوبصورت ہے     ,[],[],mixed_en_ur,"Manchester, UK",streetwear,2026-05-08T07:08:00Z,17566,631,2026-06-07T12:00:00Z,synthetic Instagram-like dataset,,0,Weekend vibes 😍 یہ رنگ بہت خوبصورت ہے,Weekend vibes  smiling_face_with_heart-eyes  یہ رنگ بہت خوبصورت ہے,1,weekend vibes smiling_face_with_heart eyes یہ رنگ بہت خوبصورت ہے,64,0,english,mixed,True,9
IG_000286,Instagram,urbanlook,U100285,False,48483,https://instagram.com/p/1285,https://cdn.example.com/img/286.jpg,J'adore cette robe élégante ✨ #mode,['mode'],['zara'],fr,"Paris, France",modest,2026-05-08T07:45:00Z,29151,1474,2026-06-07T12:00:00Z,synthetic Instagram-like dataset,mode,1,J'adore cette robe élégante ✨ #mode mode zara,J'adore cette robe élégante  sparkles  #mode mode zara,1,j adore cette robe e le gante sparkles mode mode zara,53,1,french,french,False,11
IG_000287,Instagram,style_daily,U100286,False,235823,https://instagram.com/p/1286,https://cdn.example.com/img/287.jpg,Love these shoes ❤️ أحب هذا التصميم     ,[],[],mixed_en_ar,"Doha, Qatar",vintage,2026-05-08T08:22:00Z,26746,423,2026-06-07T12:00:00Z,synthetic Instagram-like dataset,,0,Love these shoes ❤️ أحب هذا التصميم,Love these shoes  red_heart  أحب هذا التصميم,1,love these shoes red_heart ا حب هذا التصميم,43,0,english,mixed,True,8
IG_000288,Instagram,style_daily,U100287,False,411771,https://instagram.com/p/1287,https://cdn.example.com/img/288.jpg,Love this oversized blazer 😍 #fashion #streetstyle,"['streetstyle', 'fashion']",[],en,"London, UK",sportswear,2026-05-08T08:59:00Z,813,1195,2026-06-07T12:00:00Z,synthetic Instagram-like dataset,streetstyle fashion,2,Love this oversized blazer 😍 #fashion #streetstyle streetstyle fashion,Love this oversized blazer  smiling_face_with_heart-eyes  #fashion #streetstyle streetstyle fashion,1,love this oversized blazer smiling_face_with_heart eyes fashion streetstyle streetstyle fashion,95,0,english,english,False,10
IG_000289,Instagram,trendwave,U100288,False,475089,https://instagram.com/p/1288,https://cdn.example.com/img/289.jpg,Nouvelle collection &amp; disponible,[],[],fr,"Paris, France",luxury,2026-05-08T09:36:00Z,37488,2134,2026-06-07T12:00:00Z,synthetic Instagram-like dataset,,0,Nouvelle collection &amp; disponible,Nouvelle collection &amp; disponible,0,nouvelle collection disponible,30,0,french,french,False,3
IG_000290,Instagram,urbanlook,U100289,False,259038,https://instagram.com/p/1289,https://cdn.example.com/img/290.jpg,"مجھے یہ لباس بہت پسند آیا
New drop!!",[],['zara'],ur,"Lahore, Pakistan",luxury,2026-05-08T10:13:00Z,28491,1130,2026-06-07T12:00:00Z,synthetic Instagram-like dataset,,0,مجھے یہ لباس بہت پسند آیا New drop!! zara,مجھے یہ لباس بہت پسند آیا New drop!! zara,0,مجھے یہ لباس بہت پسند ا یا new drop zara,40,1,urdu,urdu,False,10
IG_000291,Instagram,style_daily,U100290,False,495544,https://instagram.com/p/1290,https://cdn.example.com/img/291.jpg,Nouvelle collection &amp; disponible,[],['zara'],fr,"Paris, France",casual,2026-05-08T10:50:00Z,32497,2432,2026-06-07T12:00:00Z,synthetic Instagram-like dataset,,0,Nouvelle collection &amp; disponible zara,Nouvelle collection &amp; disponible zara,0,nouvelle collection disponible zara,35,1,french,french,False,4
IG_000292,Instagram,fashionhub,U100291,False,497956,https://instagram.com/p/1291,https://cdn.example.com/img/292.jpg,Me encanta este vestido 😍 #moda,['moda'],[],es,"Madrid, Spain",vintage,2026-05-08T11:27:00Z,24901,1349,2026-06-07T12:00:00Z,synthetic Instagram-like dataset,moda,1,Me encanta este vestido 😍 #moda moda,Me encanta este vestido  smiling_face_with_heart-eyes  #moda moda,1,me encanta este vestido smiling_face_with_heart eyes moda moda,62,0,spanish,spanish,False,8
IG_000293,Instagram,trendwave,U100292,False,71868,https://instagram.com/p/1292,https://cdn.example.com/img/293.jpg,Nouvelle collection &amp; disponible,[],[],fr,"Paris, France",vintage,2026-05-08T12:04:00Z,45571,822,2026-06-07T12:00:00Z,synthetic Instagram-like dataset,,0,Nouvelle collection &amp; disponible,Nouvelle collection &amp; disponible,0,nouvelle collection disponible,30,0,french,french,False,3
IG_000294,Instagram,modest.style,U100293,False,153302,https://instagram.com/p/1293,https://cdn.example.com/img/294.jpg,"Nouvelle collection &amp; disponible
New drop!!",[],[],fr,"Paris, France",casual,2026-05-08T12:41:00Z,32183,2358,2026-06-07T12:00:00Z,synthetic Instagram-like dataset,,0,Nouvelle collection &amp; disponible New drop!!,Nouvelle collection &amp; disponible New drop!!,0,nouvelle collection disponible new drop,39,0,french,french,False,5
IG_000295,Instagram,urbanlook,U100294,False,206511,https://instagram.com/p/1294,https://cdn.example.com/img/295.jpg,Amazing style 🔥 هذا اللوك رائع,[],[],mixed_en_ar,"Doha, Qatar",vintage,2026-05-08T13:18:00Z,13099,2425,2026-06-07T12:00:00Z,synthetic Instagram-like dataset,,0,Amazing style 🔥 هذا اللوك رائع,Amazing style  fire  هذا اللوك رائع,1,amazing style fire هذا اللوك راي ع,34,0,english,mixed,True,7
IG_000296,Instagram,luxuryedit,U100295,True,381769,https://instagram.com/p/1295,https://cdn.example.com/img/296.jpg,Me encanta este vestido 😍 #moda,['moda'],[],es,"Madrid, Spain",casual,2026-05-08T13:55:00Z,13744,1795,2026-06-07T12:00:00Z,synthetic Instagram-like dataset,moda,1,Me encanta este vestido 😍 #moda moda,Me encanta este vestido  smiling_face_with_heart-eyes  #moda moda,1,me encanta este vestido smiling_face_with_heart eyes moda moda,62,0,spanish,spanish,False,8
IG_000297,Instagram,style_daily,U100296,False,417653,https://instagram.com/p/1296,https://cdn.example.com/img/297.jpg,Love these shoes ❤️ أحب هذا التصميم,[],[],mixed_en_ar,"Doha, Qatar",casual,2026-05-08T14:32:00Z,32727,570,2026-06-07T12:00:00Z,synthetic Instagram-like dataset,,0,Love these shoes ❤️ أحب هذا التصميم,Love these shoes  red_heart  أحب هذا التصميم,1,love these shoes red_heart ا حب هذا التصميم,43,0,english,mixed,True,8
IG_000298,Instagram,trendwave,U100297,False,222340,https://instagram.com/p/1297,https://cdn.example.com/img/298.jpg,Weekend vibes 😍 یہ رنگ بہت خوبصورت ہے,[],[],mixed_en_ur,"Manchester, UK",streetwear,2026-05-08T15:09:00Z,29435,2449,2026-06-07T12:00:00Z,synthetic Instagram-like dataset,,0,Weekend vibes 😍 یہ رنگ بہت خوبصورت ہے,Weekend vibes  smiling_face_with_heart-eyes  یہ رنگ بہت خوبصورت ہے,1,weekend vibes smiling_face_with_heart eyes یہ رنگ بہت خوبصورت ہے,64,0,english,mixed,True,9
IG_000299,Instagram,trendwave,U100298,False,19775,https://instagram.com/p/1298,https://cdn.example.com/img/299.jpg,Nouvelle collection &amp; disponible,[],[],fr,"Paris, France",modest,2026-05-08T15:46:00Z,45987,2199,2026-06-07T12:00:00Z,synthetic Instagram-like dataset,,0,Nouvelle collection &amp; disponible,Nouvelle collection &amp; disponible,0,nouvelle collection disponible,30,0,french,french,False,3
IG_000300,Instagram,fashionhub,U100299,False,186626,https://instagram.com/p/1299,https://cdn.example.com/img/300.jpg,Me encanta este vestido 😍 #moda     ,['moda'],['zara'],es,"Madrid, Spain",vintage,2026-05-08T16:23:00Z,2908,2306,2026-06-07T12:00:00Z,synthetic Instagram-like dataset,moda,1,Me encanta este vestido 😍 #moda moda zara,Me encanta este vestido  smiling_face_with_heart-eyes  #moda moda zara,1,me encanta este vestido smiling_face_with_heart eyes moda moda zara,67,1,spanish,spanish,False,9
IG_000301,Instagram,urbanlook,U100300,False,226182,https://instagram.com/p/1300,https://cdn.example.com/img/301.jpg,Weekend vibes 😍 یہ رنگ بہت خوبصورت ہے,[],['zara'],mixed_en_ur,"Manchester, UK",streetwear,2026-05-08T17:00:00Z,16961,909,2026-06-07T12:00:00Z,synthetic Instagram-like dataset,,0,Weekend vibes 😍 یہ رنگ بہت خوبصورت ہے zara,Weekend vibes  smiling_face_with_heart-eyes  یہ رنگ بہت خوبصورت ہے zara,1,weekend vibes smiling_face_with_heart eyes یہ رنگ بہت خوبصورت ہے zara,69,1,english,mixed,True,10
IG_000302,Instagram,modest.style,U100301,False,356782,https://instagram.com/p/1301,https://cdn.example.com/img/302.jpg,Me encanta este vestido 😍 #moda,['moda'],[],es,"Madrid, Spain",vintage,2026-05-08T17:37:00Z,9884,1412,2026-06-07T12:00:00Z,synthetic Instagram-like dataset,moda,1,Me encanta este vestido 😍 #moda moda,Me encanta este vestido  smiling_face_with_heart-eyes  #moda moda,1,me encanta este vestido smiling_face_with_heart eyes moda moda,62,0,spanish,spanish,False,8
IG_000303,Instagram,modest.style,U100302,False,45512,https://instagram.com/p/1302,https://cdn.example.com/img/303.jpg,Summer linen set is everything! Visit https://bit.ly/look @zara     ,[],['zara'],en,"London, UK",casual,2026-05-08T18:14:00Z,9289,1426,2026-06-07T12:00:00Z,synthetic Instagram-like dataset,,0,Summer linen set is everything! Visit https://bit.ly/look @zara zara,Summer linen set is everything! Visit https://bit.ly/look @zara zara,0,summer linen set is everything visit zara,41,1,english,english,False,7
IG_000304,Instagram,fashionhub,U100303,False,183109,https://instagram.com/p/1303,https://cdn.example.com/img/304.jpg,أحب هذا اللوك كثيراً,[],[],ar,"Dubai, UAE",sportswear,2026-05-08T18:51:00Z,47321,2853,2026-06-07T12:00:00Z,synthetic Instagram-like dataset,,0,أحب هذا اللوك كثيراً,أحب هذا اللوك كثيراً,0,ا حب هذا اللوك كثيرا,20,0,arabic,arabic,False,5
IG_000305,Instagram,style_daily,U100304,False,60837,https://instagram.com/p/1304,https://cdn.example.com/img/305.jpg,,[],['zara'],fr,"Paris, France",modest,2026-05-08T19:28:00Z,42470,447,2026-06-07T12:00:00Z,synthetic Instagram-like dataset,,0,zara,zara,0,zara,4,1,spanish,french,False,1
IG_000306,Instagram,trendwave,U100305,False,91963,https://instagram.com/p/1305,https://cdn.example.com/img/306.jpg,Love this outfit ❤️ مجھے یہ look بہت پسند آیا,[],[],mixed_en_ur,"Manchester, UK",modest,2026-05-08T20:05:00Z,36695,1746,2026-06-07T12:00:00Z,synthetic Instagram-like dataset,,0,Love this outfit ❤️ مجھے یہ look بہت پسند آیا,Love this outfit  red_heart  مجھے یہ look بہت پسند آیا,1,love this outfit red_heart مجھے یہ look بہت پسند ا یا,53,0,english,mixed,True,11
IG_000307,Instagram,trendwave,U100306,False,336295,https://instagram.com/p/1306,https://cdn.example.com/img/307.jpg,J'adore cette robe élégante ✨ #mode,['mode'],[],fr,"Paris, France",sportswear,2026-05-08T20:42:00Z,1918,2515,2026-06-07T12:00:00Z,synthetic Instagram-like dataset,mode,1,J'adore cette robe élégante ✨ #mode mode,J'adore cette robe élégante  sparkles  #mode mode,1,j adore cette robe e le gante sparkles mode mode,48,0,german,french,False,10
IG_000308,Instagram,modest.style,U100307,True,113115,https://instagram.com/p/1307,https://cdn.example.com/img/308.jpg,مجھے یہ لباس بہت پسند آیا,[],['zara'],ur,"Lahore, Pakistan",casual,2026-05-08T21:19:00Z,4105,2364,2026-06-07T12:00:00Z,synthetic Instagram-like dataset,,0,مجھے یہ لباس بہت پسند آیا zara,مجھے یہ لباس بہت پسند آیا zara,0,مجھے یہ لباس بہت پسند ا یا zara,31,1,urdu,urdu,False,8
IG_000309,Instagram,fashionhub,U100308,False,138048,https://instagram.com/p/1308,https://cdn.example.com/img/309.jpg,Love this oversized blazer 😍 #fashion #streetstyle,"['streetstyle', 'fashion']",[],en,"London, UK",sportswear,2026-05-08T21:56:00Z,34589,2617,2026-06-07T12:00:00Z,synthetic Instagram-like dataset,streetstyle fashion,2,Love this oversized blazer 😍 #fashion #streetstyle streetstyle fashion,Love this oversized blazer  smiling_face_with_heart-eyes  #fashion #streetstyle streetstyle fashion,1,love this oversized blazer smiling_face_with_heart eyes fashion streetstyle streetstyle fashion,95,0,english,english,False,10
IG_000310,Instagram,luxuryedit,U100309,False,185041,https://instagram.com/p/1309,https://cdn.example.com/img/310.jpg,أحب هذا اللوك كثيراً,[],[],ar,"Dubai, UAE",vintage,2026-05-08T22:33:00Z,11311,2759,2026-06-07T12:00:00Z,synthetic Instagram-like dataset,,0,أحب هذا اللوك كثيراً,أحب هذا اللوك كثيراً,0,ا حب هذا اللوك كثيرا,20,0,arabic,arabic,False,5
IG_000311,Instagram,luxuryedit,U100310,True,70727,https://instagram.com/p/1310,https://cdn.example.com/img/311.jpg,Weekend vibes 😍 یہ رنگ بہت خوبصورت ہے,[],[],mixed_en_ur,"Manchester, UK",luxury,2026-05-08T23:10:00Z,20018,479,2026-06-07T12:00:00Z,synthetic Instagram-like dataset,,0,Weekend vibes 😍 یہ رنگ بہت خوبصورت ہے,Weekend vibes  smiling_face_with_heart-eyes  یہ رنگ بہت خوبصورت ہے,1,weekend vibes smiling_face_with_heart eyes یہ رنگ بہت خوبصورت ہے,64,0,english,mixed,True,9
IG_000312,Instagram,luxuryedit,U100311,False,313198,https://instagram.com/p/1311,https://cdn.example.com/img/312.jpg,مجھے یہ لباس بہت پسند آیا,[],['zara'],ur,"Lahore, Pakistan",sportswear,2026-05-08T23:47:00Z,27729,760,2026-06-07T12:00:00Z,synthetic Instagram-like dataset,,0,مجھے یہ لباس بہت پسند آیا zara,مجھے یہ لباس بہت پسند آیا zara,0,مجھے یہ لباس بہت پسند ا یا zara,31,1,urdu,urdu,False,8
IG_000313,Instagram,modest.style,U100312,False,98593,https://instagram.com/p/1312,https://cdn.example.com/img/313.jpg,J'adore cette robe élégante ✨ #mode,['mode'],[],fr,"Paris, France",sportswear,2026-05-09T00:24:00Z,40598,219,2026-06-07T12:00:00Z,synthetic Instagram-like dataset,mode,1,J'adore cette robe élégante ✨ #mode mode,J'adore cette robe élégante  sparkles  #mode mode,1,j adore cette robe e le gante sparkles mode mode,48,0,german,french,False,10
IG_000314,Instagram,modest.style,U100313,False,427907,https://instagram.com/p/1313,https://cdn.example.com/img/314.jpg,Love these shoes ❤️ أحب هذا التصميم,[],[],mixed_en_ar,"Doha, Qatar",vintage,2026-05-09T01:01:00Z,33129,2674,2026-06-07T12:00:00Z,synthetic Instagram-like dataset,,0,Love these shoes ❤️ أحب هذا التصميم,Love these shoes  red_heart  أحب هذا التصميم,1,love these shoes red_heart ا حب هذا التصميم,43,0,english,mixed,True,8
IG_000315,Instagram,modest.style,U100314,False,233206,https://instagram.com/p/1314,https://cdn.example.com/img/315.jpg,Nouvelle collection &amp; disponible,[],[],fr,"Paris, France",streetwear,2026-05-09T01:38:00Z,37058,126,2026-06-07T12:00:00Z,synthetic Instagram-like dataset,,0,Nouvelle collection &amp; disponible,Nouvelle collection &amp; disponible,0,nouvelle collection disponible,30,0,french,french,False,3
IG_000316,Instagram,urbanlook,U100315,False,151846,https://instagram.com/p/1315,https://cdn.example.com/img/316.jpg,Amazing style 🔥 هذا اللوك رائع,[],['zara'],mixed_en_ar,"Doha, Qatar",sportswear,2026-05-09T02:15:00Z,37075,2028,2026-06-07T12:00:00Z,synthetic Instagram-like dataset,,0,Amazing style 🔥 هذا اللوك رائع zara,Amazing style  fire  هذا اللوك رائع zara,1,amazing style fire هذا اللوك راي ع zara,39,1,english,mixed,True,8
IG_000317,Instagram,urbanlook,U100316,False,432137,https://instagram.com/p/1316,https://cdn.example.com/img/317.jpg,Me encanta este vestido 😍 #moda,['moda'],[],es,"Madrid, Spain",vintage,2026-05-09T02:52:00Z,49601,170,2026-06-07T12:00:00Z,synthetic Instagram-like dataset,moda,1,Me encanta este vestido 😍 #moda moda,Me encanta este vestido  smiling_face_with_heart-eyes  #moda moda,1,me encanta este vestido smiling_face_with_heart eyes moda moda,62,0,spanish,spanish,False,8
IG_000318,Instagram,modest.style,U100317,False,435696,https://instagram.com/p/1317,https://cdn.example.com/img/318.jpg,Love these shoes ❤️ أحب هذا التصميم,[],[],mixed_en_ar,"Doha, Qatar",luxury,2026-05-09T03:29:00Z,19515,132,2026-06-07T12:00:00Z,synthetic Instagram-like dataset,,0,Love these shoes ❤️ أحب هذا التصميم,Love these shoes  red_heart  أحب هذا التصميم,1,love these shoes red_heart ا حب هذا التصميم,43,0,english,mixed,True,8
IG_000319,Instagram,style_daily,U100318,False,62044,https://instagram.com/p/1318,https://cdn.example.com/img/319.jpg,Nouvelle collection &amp; disponible,[],[],fr,"Paris, France",luxury,2026-05-09T04:06:00Z,13759,2408,2026-06-07T12:00:00Z,synthetic Instagram-like dataset,,0,Nouvelle collection &amp; disponible,Nouvelle collection &amp; disponible,0,nouvelle collection disponible,30,0,french,french,False,3
IG_000320,Instagram,luxuryedit,U100319,False,87522,https://instagram.com/p/1319,https://cdn.example.com/img/320.jpg,Weekend vibes 😍 یہ رنگ بہت خوبصورت ہے,[],[],mixed_en_ur,"Manchester, UK",luxury,2026-05-09T04:43:00Z,13567,243,2026-06-07T12:00:00Z,synthetic Instagram-like dataset,,0,Weekend vibes 😍 یہ رنگ بہت خوبصورت ہے,Weekend vibes  smiling_face_with_heart-eyes  یہ رنگ بہت خوبصورت ہے,1,weekend vibes smiling_face_with_heart eyes یہ رنگ بہت خوبصورت ہے,64,0,english,mixed,True,9
IG_000321,Instagram,luxuryedit,U100320,False,170187,https://instagram.com/p/1320,https://cdn.example.com/img/321.jpg,Nuevo look para el verano,[],[],es,"Madrid, Spain",modest,2026-05-09T05:20:00Z,18966,2345,2026-06-07T12:00:00Z,synthetic Instagram-like dataset,,0,Nuevo look para el verano,Nuevo look para el verano,0,nuevo look para el verano,25,0,spanish,spanish,False,5
IG_000322,Instagram,modest.style,U100321,False,145897,https://instagram.com/p/1321,https://cdn.example.com/img/322.jpg,هذا الفستان رائع ✨ #موضة     ,['موضة'],[],ar,"Dubai, UAE",luxury,2026-05-09T05:57:00Z,45973,543,2026-06-07T12:00:00Z,synthetic Instagram-like dataset,موضة,1,هذا الفستان رائع ✨ #موضة موضة,هذا الفستان رائع  sparkles  #موضة موضة,1,هذا الفستان راي ع sparkles موضة موضة,36,0,arabic,arabic,False,7
IG_000323,Instagram,fashionhub,U100322,False,355041,https://instagram.com/p/1322,https://cdn.example.com/img/323.jpg,یہ عبایا بہت خوبصورت ہے 😍 #fashion,['fashion'],[],ur,"Lahore, Pakistan",luxury,2026-05-09T06:34:00Z,37847,2590,2026-06-07T12:00:00Z,synthetic Instagram-like dataset,fashion,1,یہ عبایا بہت خوبصورت ہے 😍 #fashion fashion,یہ عبایا بہت خوبصورت ہے  smiling_face_with_heart-eyes  #fashion fashion,1,یہ عبایا بہت خوبصورت ہے smiling_face_with_heart eyes fashion fashion,68,0,english,urdu,False,9
IG_000324,Instagram,style_daily,U100323,False,461939,https://instagram.com/p/1323,https://cdn.example.com/img/324.jpg,أحب هذا اللوك كثيراً,[],[],ar,"Dubai, UAE",sportswear,2026-05-09T07:11:00Z,33796,1139,2026-06-07T12:00:00Z,synthetic Instagram-like dataset,,0,أحب هذا اللوك كثيراً,أحب هذا اللوك كثيراً,0,ا حب هذا اللوك كثيرا,20,0,arabic,arabic,False,5
IG_000325,Instagram,modest.style,U100324,False,1796,https://instagram.com/p/1324,https://cdn.example.com/img/325.jpg,Weekend vibes 😍 یہ رنگ بہت خوبصورت ہے,[],[],mixed_en_ur,"Manchester, UK",casual,2026-05-09T07:48:00Z,6109,2993,2026-06-07T12:00:00Z,synthetic Instagram-like dataset,,0,Weekend vibes 😍 یہ رنگ بہت خوبصورت ہے,Weekend vibes  smiling_face_with_heart-eyes  یہ رنگ بہت خوبصورت ہے,1,weekend vibes smiling_face_with_heart eyes یہ رنگ بہت خوبصورت ہے,64,0,english,mixed,True,9
IG_000326,Instagram,luxuryedit,U100325,False,225756,https://instagram.com/p/1325,https://cdn.example.com/img/326.jpg,Nouvelle collection &amp; disponible,[],[],fr,"Paris, France",sportswear,2026-05-09T08:25:00Z,17603,1322,2026-06-07T12:00:00Z,synthetic Instagram-like dataset,,0,Nouvelle collection &amp; disponible,Nouvelle collection &amp; disponible,0,nouvelle collection disponible,30,0,french,french,False,3
IG_000327,Instagram,luxuryedit,U100326,False,447414,https://instagram.com/p/1326,https://cdn.example.com/img/327.jpg,Love these shoes ❤️ أحب هذا التصميم,[],[],mixed_en_ar,"Doha, Qatar",modest,2026-05-09T09:02:00Z,44736,198,2026-06-07T12:00:00Z,synthetic Instagram-like dataset,,0,Love these shoes ❤️ أحب هذا التصميم,Love these shoes  red_heart  أحب هذا التصميم,1,love these shoes red_heart ا حب هذا التصميم,43,0,english,mixed,True,8
IG_000328,Instagram,modest.style,U100327,True,487790,https://instagram.com/p/1327,https://cdn.example.com/img/328.jpg,Love this oversized blazer 😍 #fashion #streetstyle,"['streetstyle', 'fashion']",[],en,"London, UK",sportswear,2026-05-09T09:39:00Z,29923,2,2026-06-07T12:00:00Z,synthetic Instagram-like dataset,streetstyle fashion,2,Love this oversized blazer 😍 #fashion #streetstyle streetstyle fashion,Love this oversized blazer  smiling_face_with_heart-eyes  #fashion #streetstyle streetstyle fashion,1,love this oversized blazer smiling_face_with_heart eyes fashion streetstyle streetstyle fashion,95,0,english,english,False,10
IG_000329,Instagram,fashionhub,U100328,False,158764,https://instagram.com/p/1328,https://cdn.example.com/img/329.jpg,J'adore cette robe élégante ✨ #mode,['mode'],['zara'],fr,"Paris, France",modest,2026-05-09T10:16:00Z,6122,2681,2026-06-07T12:00:00Z,synthetic Instagram-like dataset,mode,1,J'adore cette robe élégante ✨ #mode mode zara,J'adore cette robe élégante  sparkles  #mode mode zara,1,j adore cette robe e le gante sparkles mode mode zara,53,1,french,french,False,11
IG_000330,Instagram,trendwave,U100329,False,87282,https://instagram.com/p/1329,https://cdn.example.com/img/330.jpg,أحب هذا اللوك كثيراً     ,[],['zara'],ar,"Dubai, UAE",casual,2026-05-09T10:53:00Z,20026,2973,2026-06-07T12:00:00Z,synthetic Instagram-like dataset,,0,أحب هذا اللوك كثيراً zara,أحب هذا اللوك كثيراً zara,0,ا حب هذا اللوك كثيرا zara,25,1,arabic,arabic,False,6
IG_000331,Instagram,style_daily,U100330,False,1069,https://instagram.com/p/1330,https://cdn.example.com/img/331.jpg,Love this outfit ❤️ مجھے یہ look بہت پسند آیا,[],['zara'],mixed_en_ur,"Manchester, UK",streetwear,2026-05-09T11:30:00Z,8701,2431,2026-06-07T12:00:00Z,synthetic Instagram-like dataset,,0,Love this outfit ❤️ مجھے یہ look بہت پسند آیا zara,Love this outfit  red_heart  مجھے یہ look بہت پسند آیا zara,1,love this outfit red_heart مجھے یہ look بہت پسند ا یا zara,58,1,english,mixed,True,12
IG_000332,Instagram,trendwave,U100331,False,63725,https://instagram.com/p/1331,https://cdn.example.com/img/332.jpg,,[],[],ur,"Lahore, Pakistan",sportswear,2026-05-09T12:07:00Z,45489,541,2026-06-07T12:00:00Z,synthetic Instagram-like dataset,,0,,,0,,0,0,unknown,urdu,False,0
IG_000333,Instagram,style_daily,U100332,False,54201,https://instagram.com/p/1332,https://cdn.example.com/img/333.jpg,J'adore cette robe élégante ✨ #mode,['mode'],['zara'],fr,"Paris, France",modest,2026-05-09T12:44:00Z,19616,561,2026-06-07T12:00:00Z,synthetic Instagram-like dataset,mode,1,J'adore cette robe élégante ✨ #mode mode zara,J'adore cette robe élégante  sparkles  #mode mode zara,1,j adore cette robe e le gante sparkles mode mode zara,53,1,french,french,False,11
IG_000334,Instagram,trendwave,U100333,False,278639,https://instagram.com/p/1333,https://cdn.example.com/img/334.jpg,J'adore cette robe élégante ✨ #mode,['mode'],[],fr,"Paris, France",vintage,2026-05-09T13:21:00Z,42604,672,2026-06-07T12:00:00Z,synthetic Instagram-like dataset,mode,1,J'adore cette robe élégante ✨ #mode mode,J'adore cette robe élégante  sparkles  #mode mode,1,j adore cette robe e le gante sparkles mode mode,48,0,german,french,False,10
IG_000335,Instagram,trendwave,U100334,False,482789,https://instagram.com/p/1334,https://cdn.example.com/img/335.jpg,Nouvelle collection &amp; disponible,[],[],fr,"Paris, France",casual,2026-05-09T13:58:00Z,28997,889,2026-06-07T12:00:00Z,synthetic Instagram-like dataset,,0,Nouvelle collection &amp; disponible,Nouvelle collection &amp; disponible,0,nouvelle collection disponible,30,0,french,french,False,3
IG_000336,Instagram,style_daily,U100335,False,201843,https://instagram.com/p/1335,https://cdn.example.com/img/336.jpg,Love this oversized blazer 😍 #fashion #streetstyle     ,"['streetstyle', 'fashion']",[],en,"London, UK",sportswear,2026-05-09T14:35:00Z,20616,572,2026-06-07T12:00:00Z,synthetic Instagram-like dataset,streetstyle fashion,2,Love this oversized blazer 😍 #fashion #streetstyle streetstyle fashion,Love this oversized blazer  smiling_face_with_heart-eyes  #fashion #streetstyle streetstyle fashion,1,love this oversized blazer smiling_face_with_heart eyes fashion streetstyle streetstyle fashion,95,0,english,english,False,10
IG_000337,Instagram,fashionhub,U100336,False,315076,https://instagram.com/p/1336,https://cdn.example.com/img/337.jpg,مجھے یہ لباس بہت پسند آیا,[],[],ur,"Lahore, Pakistan",modest,2026-05-09T15:12:00Z,45256,109,2026-06-07T12:00:00Z,synthetic Instagram-like dataset,,0,مجھے یہ لباس بہت پسند آیا,مجھے یہ لباس بہت پسند آیا,0,مجھے یہ لباس بہت پسند ا یا,26,0,urdu,urdu,False,7
IG_000338,Instagram,luxuryedit,U100337,False,392585,https://instagram.com/p/1337,https://cdn.example.com/img/338.jpg,"Love these shoes ❤️ أحب هذا التصميم
New drop!!",[],[],mixed_en_ar,"Doha, Qatar",casual,2026-05-09T15:49:00Z,3581,980,2026-06-07T12:00:00Z,synthetic Instagram-like dataset,,0,Love these shoes ❤️ أحب هذا التصميم New drop!!,Love these shoes  red_heart  أحب هذا التصميم New drop!!,1,love these shoes red_heart ا حب هذا التصميم new drop,52,0,english,mixed,True,10
IG_000339,Instagram,modest.style,U100338,False,37730,https://instagram.com/p/1338,https://cdn.example.com/img/339.jpg,Nouvelle collection &amp; disponible     ,[],[],fr,"Paris, France",streetwear,2026-05-09T16:26:00Z,23669,1296,2026-06-07T12:00:00Z,synthetic Instagram-like dataset,,0,Nouvelle collection &amp; disponible,Nouvelle collection &amp; disponible,0,nouvelle collection disponible,30,0,french,french,False,3
IG_000340,Instagram,luxuryedit,U100339,False,286948,https://instagram.com/p/1339,https://cdn.example.com/img/340.jpg,مجھے یہ لباس بہت پسند آیا,[],[],ur,"Lahore, Pakistan",sportswear,2026-05-09T17:03:00Z,4788,68,2026-06-07T12:00:00Z,synthetic Instagram-like dataset,,0,مجھے یہ لباس بہت پسند آیا,مجھے یہ لباس بہت پسند آیا,0,مجھے یہ لباس بہت پسند ا یا,26,0,urdu,urdu,False,7
IG_000341,Instagram,fashionhub,U100340,True,32203,https://instagram.com/p/1340,https://cdn.example.com/img/341.jpg,,[],[],es,"Madrid, Spain",sportswear,2026-05-09T17:40:00Z,33206,1173,2026-06-07T12:00:00Z,synthetic Instagram-like dataset,,0,,,0,,0,0,unknown,spanish,False,0
IG_000342,Instagram,modest.style,U100341,True,281814,https://instagram.com/p/1341,https://cdn.example.com/img/342.jpg,Weekend vibes 😍 یہ رنگ بہت خوبصورت ہے,[],[],mixed_en_ur,"Manchester, UK",luxury,2026-05-09T18:17:00Z,18189,342,2026-06-07T12:00:00Z,synthetic Instagram-like dataset,,0,Weekend vibes 😍 یہ رنگ بہت خوبصورت ہے,Weekend vibes  smiling_face_with_heart-eyes  یہ رنگ بہت خوبصورت ہے,1,weekend vibes smiling_face_with_heart eyes یہ رنگ بہت خوبصورت ہے,64,0,english,mixed,True,9
IG_000343,Instagram,fashionhub,U100342,False,81962,https://instagram.com/p/1342,https://cdn.example.com/img/343.jpg,هذا الفستان رائع ✨ #موضة,['موضة'],[],ar,"Dubai, UAE",sportswear,2026-05-09T18:54:00Z,38437,2598,2026-06-07T12:00:00Z,synthetic Instagram-like dataset,موضة,1,هذا الفستان رائع ✨ #موضة موضة,هذا الفستان رائع  sparkles  #موضة موضة,1,هذا الفستان راي ع sparkles موضة موضة,36,0,arabic,arabic,False,7
IG_000344,Instagram,modest.style,U100343,False,444293,https://instagram.com/p/1343,https://cdn.example.com/img/344.jpg,Amazing style 🔥 هذا اللوك رائع,[],['zara'],mixed_en_ar,"Doha, Qatar",luxury,2026-05-09T19:31:00Z,5655,1779,2026-06-07T12:00:00Z,synthetic Instagram-like dataset,,0,Amazing style 🔥 هذا اللوك رائع zara,Amazing style  fire  هذا اللوك رائع zara,1,amazing style fire هذا اللوك راي ع zara,39,1,english,mixed,True,8
IG_000345,Instagram,style_daily,U100344,False,389361,https://instagram.com/p/1344,https://cdn.example.com/img/345.jpg,Summer linen set is everything! Visit https://bit.ly/look @zara,[],[],en,"London, UK",luxury,2026-05-09T20:08:00Z,7832,51,2026-06-07T12:00:00Z,synthetic Instagram-like dataset,,0,Summer linen set is everything! Visit https://bit.ly/look @zara,Summer linen set is everything! Visit https://bit.ly/look @zara,0,summer linen set is everything visit,36,0,english,english,False,6
IG_000346,Instagram,fashionhub,U100345,False,182273,https://instagram.com/p/1345,https://cdn.example.com/img/346.jpg,Love this outfit ❤️ مجھے یہ look بہت پسند آیا,[],[],mixed_en_ur,"Manchester, UK",casual,2026-05-09T20:45:00Z,16995,683,2026-06-07T12:00:00Z,synthetic Instagram-like dataset,,0,Love this outfit ❤️ مجھے یہ look بہت پسند آیا,Love this outfit  red_heart  مجھے یہ look بہت پسند آیا,1,love this outfit red_heart مجھے یہ look بہت پسند ا یا,53,0,english,mixed,True,11
IG_000347,Instagram,urbanlook,U100346,False,62395,https://instagram.com/p/1346,https://cdn.example.com/img/347.jpg,هذا الفستان رائع ✨ #موضة,['موضة'],[],ar,"Dubai, UAE",streetwear,2026-05-09T21:22:00Z,21960,1758,2026-06-07T12:00:00Z,synthetic Instagram-like dataset,موضة,1,هذا الفستان رائع ✨ #موضة موضة,هذا الفستان رائع  sparkles  #موضة موضة,1,هذا الفستان راي ع sparkles موضة موضة,36,0,arabic,arabic,False,7
IG_000348,Instagram,luxuryedit,U100347,False,260624,https://instagram.com/p/1347,https://cdn.example.com/img/348.jpg,هذا الفستان رائع ✨ #موضة,['موضة'],[],ar,"Dubai, UAE",modest,2026-05-09T21:59:00Z,3638,2046,2026-06-07T12:00:00Z,synthetic Instagram-like dataset,موضة,1,هذا الفستان رائع ✨ #موضة موضة,هذا الفستان رائع  sparkles  #موضة موضة,1,هذا الفستان راي ع sparkles موضة موضة,36,0,arabic,arabic,False,7
IG_000349,Instagram,urbanlook,U100348,False,469354,https://instagram.com/p/1348,https://cdn.example.com/img/349.jpg,Amazing style 🔥 هذا اللوك رائع,[],[],mixed_en_ar,"Doha, Qatar",casual,2026-05-09T22:36:00Z,7563,935,2026-06-07T12:00:00Z,synthetic Instagram-like dataset,,0,Amazing style 🔥 هذا اللوك رائع,Amazing style  fire  هذا اللوك رائع,1,amazing style fire هذا اللوك راي ع,34,0,english,mixed,True,7
IG_000350,Instagram,style_daily,U100349,False,247840,https://instagram.com/p/1349,https://cdn.example.com/img/350.jpg,,[],[],mixed_en_ur,"Manchester, UK",luxury,2026-05-09T23:13:00Z,11733,144,2026-06-07T12:00:00Z,synthetic Instagram-like dataset,,0,,,0,,0,0,unknown,mixed,True,0
IG_000351,Instagram,fashionhub,U100350,False,378138,https://instagram.com/p/1350,https://cdn.example.com/img/351.jpg,Nuevo look para el verano,[],[],es,"Madrid, Spain",streetwear,2026-05-09T23:50:00Z,37461,1527,2026-06-07T12:00:00Z,synthetic Instagram-like dataset,,0,Nuevo look para el verano,Nuevo look para el verano,0,nuevo look para el verano,25,0,spanish,spanish,False,5
IG_000352,Instagram,luxuryedit,U100351,False,210700,https://instagram.com/p/1351,https://cdn.example.com/img/352.jpg,"Love this oversized blazer 😍 #fashion #streetstyle
New drop!!","['streetstyle', 'fashion']",['zara'],en,"London, UK",sportswear,2026-05-10T00:27:00Z,18506,1272,2026-06-07T12:00:00Z,synthetic Instagram-like dataset,streetstyle fashion,2,Love this oversized blazer 😍 #fashion #streetstyle New drop!! streetstyle fashion zara,Love this oversized blazer  smiling_face_with_heart-eyes  #fashion #streetstyle New drop!! streetstyle fashion zara,1,love this oversized blazer smiling_face_with_heart eyes fashion streetstyle new drop streetstyle fashion zara,109,1,english,english,False,13
IG_000353,Instagram,style_daily,U100352,False,153379,https://instagram.com/p/1352,https://cdn.example.com/img/353.jpg,هذا الفستان رائع ✨ #موضة,['موضة'],[],ar,"Dubai, UAE",modest,2026-05-10T01:04:00Z,48473,2550,2026-06-07T12:00:00Z,synthetic Instagram-like dataset,موضة,1,هذا الفستان رائع ✨ #موضة موضة,هذا الفستان رائع  sparkles  #موضة موضة,1,هذا الفستان راي ع sparkles موضة موضة,36,0,arabic,arabic,False,7
IG_000354,Instagram,modest.style,U100353,False,407287,https://instagram.com/p/1353,https://cdn.example.com/img/354.jpg,مجھے یہ لباس بہت پسند آیا,[],['zara'],ur,"Lahore, Pakistan",vintage,2026-05-10T01:41:00Z,49843,1004,2026-06-07T12:00:00Z,synthetic Instagram-like dataset,,0,مجھے یہ لباس بہت پسند آیا zara,مجھے یہ لباس بہت پسند آیا zara,0,مجھے یہ لباس بہت پسند ا یا zara,31,1,urdu,urdu,False,8
IG_000355,Instagram,style_daily,U100354,False,182125,https://instagram.com/p/1354,https://cdn.example.com/img/355.jpg,یہ عبایا بہت خوبصورت ہے 😍 #fashion,['fashion'],[],ur,"Lahore, Pakistan",casual,2026-05-10T02:18:00Z,633,1372,2026-06-07T12:00:00Z,synthetic Instagram-like dataset,fashion,1,یہ عبایا بہت خوبصورت ہے 😍 #fashion fashion,یہ عبایا بہت خوبصورت ہے  smiling_face_with_heart-eyes  #fashion fashion,1,یہ عبایا بہت خوبصورت ہے smiling_face_with_heart eyes fashion fashion,68,0,english,urdu,False,9
IG_000356,Instagram,trendwave,U100355,False,108080,https://instagram.com/p/1355,https://cdn.example.com/img/356.jpg,Summer linen set is everything! Visit https://bit.ly/look @zara,[],[],en,"London, UK",luxury,2026-05-10T02:55:00Z,27518,2015,2026-06-07T12:00:00Z,synthetic Instagram-like dataset,,0,Summer linen set is everything! Visit https://bit.ly/look @zara,Summer linen set is everything! Visit https://bit.ly/look @zara,0,summer linen set is everything visit,36,0,english,english,False,6
IG_000357,Instagram,style_daily,U100356,True,121858,https://instagram.com/p/1356,https://cdn.example.com/img/357.jpg,Love this oversized blazer 😍 #fashion #streetstyle,"['streetstyle', 'fashion']",[],en,"London, UK",vintage,2026-05-10T03:32:00Z,27075,2870,2026-06-07T12:00:00Z,synthetic Instagram-like dataset,streetstyle fashion,2,Love this oversized blazer 😍 #fashion #streetstyle streetstyle fashion,Love this oversized blazer  smiling_face_with_heart-eyes  #fashion #streetstyle streetstyle fashion,1,love this oversized blazer smiling_face_with_heart eyes fashion streetstyle streetstyle fashion,95,0,english,english,False,10
IG_000358,Instagram,style_daily,U100357,False,265489,https://instagram.com/p/1357,https://cdn.example.com/img/358.jpg,أحب هذا اللوك كثيراً,[],['zara'],ar,"Dubai, UAE",sportswear,2026-05-10T04:09:00Z,4909,2424,2026-06-07T12:00:00Z,synthetic Instagram-like dataset,,0,أحب هذا اللوك كثيراً zara,أحب هذا اللوك كثيراً zara,0,ا حب هذا اللوك كثيرا zara,25,1,arabic,arabic,False,6
IG_000359,Instagram,fashionhub,U100358,False,137334,https://instagram.com/p/1358,https://cdn.example.com/img/359.jpg,Me encanta este vestido 😍 #moda,['moda'],[],es,"Madrid, Spain",sportswear,2026-05-10T04:46:00Z,45927,1336,2026-06-07T12:00:00Z,synthetic Instagram-like dataset,moda,1,Me encanta este vestido 😍 #moda moda,Me encanta este vestido  smiling_face_with_heart-eyes  #moda moda,1,me encanta este vestido smiling_face_with_heart eyes moda moda,62,0,spanish,spanish,False,8
IG_000360,Instagram,style_daily,U100359,False,71861,https://instagram.com/p/1359,https://cdn.example.com/img/360.jpg,أحب هذا اللوك كثيراً,[],[],ar,"Dubai, UAE",vintage,2026-05-10T05:23:00Z,7146,636,2026-06-07T12:00:00Z,synthetic Instagram-like dataset,,0,أحب هذا اللوك كثيراً,أحب هذا اللوك كثيراً,0,ا حب هذا اللوك كثيرا,20,0,arabic,arabic,False,5
IG_000361,Instagram,urbanlook,U100360,False,281478,https://instagram.com/p/1360,https://cdn.example.com/img/361.jpg,Love this oversized blazer 😍 #fashion #streetstyle,"['streetstyle', 'fashion']",[],en,"London, UK",luxury,2026-05-10T06:00:00Z,29621,1262,2026-06-07T12:00:00Z,synthetic Instagram-like dataset,streetstyle fashion,2,Love this oversized blazer 😍 #fashion #streetstyle streetstyle fashion,Love this oversized blazer  smiling_face_with_heart-eyes  #fashion #streetstyle streetstyle fashion,1,love this oversized blazer smiling_face_with_heart eyes fashion streetstyle streetstyle fashion,95,0,english,english,False,10
IG_000362,Instagram,style_daily,U100361,False,360190,https://instagram.com/p/1361,https://cdn.example.com/img/362.jpg,Nouvelle collection &amp; disponible,[],[],fr,"Paris, France",casual,2026-05-10T06:37:00Z,45675,2471,2026-06-07T12:00:00Z,synthetic Instagram-like dataset,,0,Nouvelle collection &amp; disponible,Nouvelle collection &amp; disponible,0,nouvelle collection disponible,30,0,french,french,False,3
IG_000363,Instagram,urbanlook,U100362,False,373351,https://instagram.com/p/1362,https://cdn.example.com/img/363.jpg,Love this oversized blazer 😍 #fashion #streetstyle,"['streetstyle', 'fashion']",['zara'],en,"London, UK",modest,2026-05-10T07:14:00Z,25973,2103,2026-06-07T12:00:00Z,synthetic Instagram-like dataset,streetstyle fashion,2,Love this oversized blazer 😍 #fashion #streetstyle streetstyle fashion zara,Love this oversized blazer  smiling_face_with_heart-eyes  #fashion #streetstyle streetstyle fashion zara,1,love this oversized blazer smiling_face_with_heart eyes fashion streetstyle streetstyle fashion zara,100,1,english,english,False,11
IG_000364,Instagram,fashionhub,U100363,True,212517,https://instagram.com/p/1363,https://cdn.example.com/img/364.jpg,Summer linen set is everything! Visit https://bit.ly/look @zara,[],[],en,"London, UK",vintage,2026-05-10T07:51:00Z,49031,2253,2026-06-07T12:00:00Z,synthetic Instagram-like dataset,,0,Summer linen set is everything! Visit https://bit.ly/look @zara,Summer linen set is everything! Visit https://bit.ly/look @zara,0,summer linen set is everything visit,36,0,english,english,False,6
IG_000365,Instagram,fashionhub,U100364,False,32832,https://instagram.com/p/1364,https://cdn.example.com/img/365.jpg,یہ عبایا بہت خوبصورت ہے 😍 #fashion,['fashion'],[],ur,"Lahore, Pakistan",luxury,2026-05-10T08:28:00Z,8571,811,2026-06-07T12:00:00Z,synthetic Instagram-like dataset,fashion,1,یہ عبایا بہت خوبصورت ہے 😍 #fashion fashion,یہ عبایا بہت خوبصورت ہے  smiling_face_with_heart-eyes  #fashion fashion,1,یہ عبایا بہت خوبصورت ہے smiling_face_with_heart eyes fashion fashion,68,0,english,urdu,False,9
IG_000366,Instagram,trendwave,U100365,False,44560,https://instagram.com/p/1365,https://cdn.example.com/img/366.jpg,Love these shoes ❤️ أحب هذا التصميم,[],[],mixed_en_ar,"Doha, Qatar",modest,2026-05-10T09:05:00Z,4919,89,2026-06-07T12:00:00Z,synthetic Instagram-like dataset,,0,Love these shoes ❤️ أحب هذا التصميم,Love these shoes  red_heart  أحب هذا التصميم,1,love these shoes red_heart ا حب هذا التصميم,43,0,english,mixed,True,8
IG_000367,Instagram,modest.style,U100366,False,48723,https://instagram.com/p/1366,https://cdn.example.com/img/367.jpg,Love this oversized blazer 😍 #fashion #streetstyle,"['streetstyle', 'fashion']",[],en,"London, UK",modest,2026-05-10T09:42:00Z,8034,174,2026-06-07T12:00:00Z,synthetic Instagram-like dataset,streetstyle fashion,2,Love this oversized blazer 😍 #fashion #streetstyle streetstyle fashion,Love this oversized blazer  smiling_face_with_heart-eyes  #fashion #streetstyle streetstyle fashion,1,love this oversized blazer smiling_face_with_heart eyes fashion streetstyle streetstyle fashion,95,0,english,english,False,10
IG_000368,Instagram,luxuryedit,U100367,False,380310,https://instagram.com/p/1367,https://cdn.example.com/img/368.jpg,"J'adore cette robe élégante ✨ #mode
New drop!!",['mode'],[],fr,"Paris, France",streetwear,2026-05-10T10:19:00Z,25087,2798,2026-06-07T12:00:00Z,synthetic Instagram-like dataset,mode,1,J'adore cette robe élégante ✨ #mode New drop!! mode,J'adore cette robe élégante  sparkles  #mode New drop!! mode,1,j adore cette robe e le gante sparkles mode new drop mode,57,0,english,french,False,12
IG_000369,Instagram,fashionhub,U100368,False,234338,https://instagram.com/p/1368,https://cdn.example.com/img/369.jpg,J'adore cette robe élégante ✨ #mode,['mode'],[],fr,"Paris, France",streetwear,2026-05-10T10:56:00Z,40251,2536,2026-06-07T12:00:00Z,synthetic Instagram-like dataset,mode,1,J'adore cette robe élégante ✨ #mode mode,J'adore cette robe élégante  sparkles  #mode mode,1,j adore cette robe e le gante sparkles mode mode,48,0,german,french,False,10
IG_000370,Instagram,modest.style,U100369,False,289219,https://instagram.com/p/1369,https://cdn.example.com/img/370.jpg,Me encanta este vestido 😍 #moda,['moda'],[],es,"Madrid, Spain",streetwear,2026-05-10T11:33:00Z,18340,1568,2026-06-07T12:00:00Z,synthetic Instagram-like dataset,moda,1,Me encanta este vestido 😍 #moda moda,Me encanta este vestido  smiling_face_with_heart-eyes  #moda moda,1,me encanta este vestido smiling_face_with_heart eyes moda moda,62,0,spanish,spanish,False,8
IG_000371,Instagram,luxuryedit,U100370,False,421067,https://instagram.com/p/1370,https://cdn.example.com/img/371.jpg,"مجھے یہ لباس بہت پسند آیا
New drop!!",[],[],ur,"Lahore, Pakistan",streetwear,2026-05-10T12:10:00Z,25072,2921,2026-06-07T12:00:00Z,synthetic Instagram-like dataset,,0,مجھے یہ لباس بہت پسند آیا New drop!!,مجھے یہ لباس بہت پسند آیا New drop!!,0,مجھے یہ لباس بہت پسند ا یا new drop,35,0,urdu,urdu,False,9
IG_000372,Instagram,modest.style,U100371,False,297064,https://instagram.com/p/1371,https://cdn.example.com/img/372.jpg,أحب هذا اللوك كثيراً,[],[],ar,"Dubai, UAE",sportswear,2026-05-10T12:47:00Z,17728,736,2026-06-07T12:00:00Z,synthetic Instagram-like dataset,,0,أحب هذا اللوك كثيراً,أحب هذا اللوك كثيراً,0,ا حب هذا اللوك كثيرا,20,0,arabic,arabic,False,5
IG_000373,Instagram,style_daily,U100372,False,408678,https://instagram.com/p/1372,https://cdn.example.com/img/373.jpg,Summer linen set is everything! Visit https://bit.ly/look @zara,[],['zara'],en,"London, UK",sportswear,2026-05-10T13:24:00Z,34701,1464,2026-06-07T12:00:00Z,synthetic Instagram-like dataset,,0,Summer linen set is everything! Visit https://bit.ly/look @zara zara,Summer linen set is everything! Visit https://bit.ly/look @zara zara,0,summer linen set is everything visit zara,41,1,english,english,False,7
IG_000374,Instagram,style_daily,U100373,False,126933,https://instagram.com/p/1373,https://cdn.example.com/img/374.jpg,Amazing style 🔥 هذا اللوك رائع,[],['zara'],mixed_en_ar,"Doha, Qatar",casual,2026-05-10T14:01:00Z,3669,898,2026-06-07T12:00:00Z,synthetic Instagram-like dataset,,0,Amazing style 🔥 هذا اللوك رائع zara,Amazing style  fire  هذا اللوك رائع zara,1,amazing style fire هذا اللوك راي ع zara,39,1,english,mixed,True,8
IG_000375,Instagram,fashionhub,U100374,False,311150,https://instagram.com/p/1374,https://cdn.example.com/img/375.jpg,Nuevo look para el verano,[],[],es,"Madrid, Spain",casual,2026-05-10T14:38:00Z,45724,1469,2026-06-07T12:00:00Z,synthetic Instagram-like dataset,,0,Nuevo look para el verano,Nuevo look para el verano,0,nuevo look para el verano,25,0,spanish,spanish,False,5
IG_000376,Instagram,urbanlook,U100375,False,295992,https://instagram.com/p/1375,https://cdn.example.com/img/376.jpg,Me encanta este vestido 😍 #moda,['moda'],['zara'],es,"Madrid, Spain",luxury,2026-05-10T15:15:00Z,32263,2220,2026-06-07T12:00:00Z,synthetic Instagram-like dataset,moda,1,Me encanta este vestido 😍 #moda moda zara,Me encanta este vestido  smiling_face_with_heart-eyes  #moda moda zara,1,me encanta este vestido smiling_face_with_heart eyes moda moda zara,67,1,spanish,spanish,False,9
IG_000377,Instagram,style_daily,U100376,True,315944,https://instagram.com/p/1376,https://cdn.example.com/img/377.jpg,هذا الفستان رائع ✨ #موضة,['موضة'],['zara'],ar,"Dubai, UAE",vintage,2026-05-10T15:52:00Z,31330,2,2026-06-07T12:00:00Z,synthetic Instagram-like dataset,موضة,1,هذا الفستان رائع ✨ #موضة موضة zara,هذا الفستان رائع  sparkles  #موضة موضة zara,1,هذا الفستان راي ع sparkles موضة موضة zara,41,1,arabic,arabic,False,8
IG_000378,Instagram,urbanlook,U100377,False,482205,https://instagram.com/p/1377,https://cdn.example.com/img/378.jpg,هذا الفستان رائع ✨ #موضة,['موضة'],[],ar,"Dubai, UAE",modest,2026-05-10T16:29:00Z,3908,89,2026-06-07T12:00:00Z,synthetic Instagram-like dataset,موضة,1,هذا الفستان رائع ✨ #موضة موضة,هذا الفستان رائع  sparkles  #موضة موضة,1,هذا الفستان راي ع sparkles موضة موضة,36,0,arabic,arabic,False,7
IG_000379,Instagram,luxuryedit,U100378,False,38527,https://instagram.com/p/1378,https://cdn.example.com/img/379.jpg,یہ عبایا بہت خوبصورت ہے 😍 #fashion,['fashion'],[],ur,"Lahore, Pakistan",casual,2026-05-10T17:06:00Z,25930,2400,2026-06-07T12:00:00Z,synthetic Instagram-like dataset,fashion,1,یہ عبایا بہت خوبصورت ہے 😍 #fashion fashion,یہ عبایا بہت خوبصورت ہے  smiling_face_with_heart-eyes  #fashion fashion,1,یہ عبایا بہت خوبصورت ہے smiling_face_with_heart eyes fashion fashion,68,0,english,urdu,False,9
IG_000380,Instagram,fashionhub,U100379,False,384463,https://instagram.com/p/1379,https://cdn.example.com/img/380.jpg,Summer linen set is everything! Visit https://bit.ly/look @zara,[],[],en,"London, UK",casual,2026-05-10T17:43:00Z,31934,2659,2026-06-07T12:00:00Z,synthetic Instagram-like dataset,,0,Summer linen set is everything! Visit https://bit.ly/look @zara,Summer linen set is everything! Visit https://bit.ly/look @zara,0,summer linen set is everything visit,36,0,english,english,False,6
IG_000381,Instagram,luxuryedit,U100380,False,487482,https://instagram.com/p/1380,https://cdn.example.com/img/381.jpg,هذا الفستان رائع ✨ #موضة,['موضة'],[],ar,"Dubai, UAE",modest,2026-05-10T18:20:00Z,14635,2726,2026-06-07T12:00:00Z,synthetic Instagram-like dataset,موضة,1,هذا الفستان رائع ✨ #موضة موضة,هذا الفستان رائع  sparkles  #موضة موضة,1,هذا الفستان راي ع sparkles موضة موضة,36,0,arabic,arabic,False,7
IG_000382,Instagram,trendwave,U100381,False,67267,https://instagram.com/p/1381,https://cdn.example.com/img/382.jpg,Me encanta este vestido 😍 #moda,['moda'],['zara'],es,"Madrid, Spain",streetwear,2026-05-10T18:57:00Z,46011,2346,2026-06-07T12:00:00Z,synthetic Instagram-like dataset,moda,1,Me encanta este vestido 😍 #moda moda zara,Me encanta este vestido  smiling_face_with_heart-eyes  #moda moda zara,1,me encanta este vestido smiling_face_with_heart eyes moda moda zara,67,1,spanish,spanish,False,9
IG_000383,Instagram,urbanlook,U100382,False,321039,https://instagram.com/p/1382,https://cdn.example.com/img/383.jpg,"J'adore cette robe élégante ✨ #mode
New drop!!",['mode'],['zara'],fr,"Paris, France",vintage,2026-05-10T19:34:00Z,6827,2032,2026-06-07T12:00:00Z,synthetic Instagram-like dataset,mode,1,J'adore cette robe élégante ✨ #mode New drop!! mode zara,J'adore cette robe élégante  sparkles  #mode New drop!! mode zara,1,j adore cette robe e le gante sparkles mode new drop mode zara,62,1,english,french,False,13
IG_000384,Instagram,fashionhub,U100383,False,168019,https://instagram.com/p/1383,https://cdn.example.com/img/384.jpg,مجھے یہ لباس بہت پسند آیا,[],['zara'],ur,"Lahore, Pakistan",streetwear,2026-05-10T20:11:00Z,46467,2744,2026-06-07T12:00:00Z,synthetic Instagram-like dataset,,0,مجھے یہ لباس بہت پسند آیا zara,مجھے یہ لباس بہت پسند آیا zara,0,مجھے یہ لباس بہت پسند ا یا zara,31,1,urdu,urdu,False,8
IG_000385,Instagram,urbanlook,U100384,False,363923,https://instagram.com/p/1384,https://cdn.example.com/img/385.jpg,Weekend vibes 😍 یہ رنگ بہت خوبصورت ہے,[],['zara'],mixed_en_ur,"Manchester, UK",modest,2026-05-10T20:48:00Z,7085,2950,2026-06-07T12:00:00Z,synthetic Instagram-like dataset,,0,Weekend vibes 😍 یہ رنگ بہت خوبصورت ہے zara,Weekend vibes  smiling_face_with_heart-eyes  یہ رنگ بہت خوبصورت ہے zara,1,weekend vibes smiling_face_with_heart eyes یہ رنگ بہت خوبصورت ہے zara,69,1,english,mixed,True,10
IG_000386,Instagram,trendwave,U100385,False,87709,https://instagram.com/p/1385,https://cdn.example.com/img/386.jpg,Love this oversized blazer 😍 #fashion #streetstyle,"['streetstyle', 'fashion']",[],en,"London, UK",sportswear,2026-05-10T21:25:00Z,24824,1438,2026-06-07T12:00:00Z,synthetic Instagram-like dataset,streetstyle fashion,2,Love this oversized blazer 😍 #fashion #streetstyle streetstyle fashion,Love this oversized blazer  smiling_face_with_heart-eyes  #fashion #streetstyle streetstyle fashion,1,love this oversized blazer smiling_face_with_heart eyes fashion streetstyle streetstyle fashion,95,0,english,english,False,10
IG_000387,Instagram,modest.style,U100386,False,303567,https://instagram.com/p/1386,https://cdn.example.com/img/387.jpg,Nuevo look para el verano     ,[],[],es,"Madrid, Spain",casual,2026-05-10T22:02:00Z,14788,666,2026-06-07T12:00:00Z,synthetic Instagram-like dataset,,0,Nuevo look para el verano,Nuevo look para el verano,0,nuevo look para el verano,25,0,spanish,spanish,False,5
IG_000388,Instagram,style_daily,U100387,False,167599,https://instagram.com/p/1387,https://cdn.example.com/img/388.jpg,J'adore cette robe élégante ✨ #mode,['mode'],['zara'],fr,"Paris, France",streetwear,2026-05-10T22:39:00Z,4867,1400,2026-06-07T12:00:00Z,synthetic Instagram-like dataset,mode,1,J'adore cette robe élégante ✨ #mode mode zara,J'adore cette robe élégante  sparkles  #mode mode zara,1,j adore cette robe e le gante sparkles mode mode zara,53,1,french,french,False,11
IG_000389,Instagram,style_daily,U100388,False,471375,https://instagram.com/p/1388,https://cdn.example.com/img/389.jpg,"مجھے یہ لباس بہت پسند آیا
New drop!!",[],[],ur,"Lahore, Pakistan",modest,2026-05-10T23:16:00Z,38935,2513,2026-06-07T12:00:00Z,synthetic Instagram-like dataset,,0,مجھے یہ لباس بہت پسند آیا New drop!!,مجھے یہ لباس بہت پسند آیا New drop!!,0,مجھے یہ لباس بہت پسند ا یا new drop,35,0,urdu,urdu,False,9
IG_000390,Instagram,trendwave,U100389,False,466986,https://instagram.com/p/1389,https://cdn.example.com/img/390.jpg,J'adore cette robe élégante ✨ #mode,['mode'],[],fr,"Paris, France",streetwear,2026-05-10T23:53:00Z,6641,1356,2026-06-07T12:00:00Z,synthetic Instagram-like dataset,mode,1,J'adore cette robe élégante ✨ #mode mode,J'adore cette robe élégante  sparkles  #mode mode,1,j adore cette robe e le gante sparkles mode mode,48,0,german,french,False,10
IG_000391,Instagram,luxuryedit,U100390,False,383216,https://instagram.com/p/1390,https://cdn.example.com/img/391.jpg,یہ عبایا بہت خوبصورت ہے 😍 #fashion,['fashion'],[],ur,"Lahore, Pakistan",casual,2026-05-11T00:30:00Z,18454,1218,2026-06-07T12:00:00Z,synthetic Instagram-like dataset,fashion,1,یہ عبایا بہت خوبصورت ہے 😍 #fashion fashion,یہ عبایا بہت خوبصورت ہے  smiling_face_with_heart-eyes  #fashion fashion,1,یہ عبایا بہت خوبصورت ہے smiling_face_with_heart eyes fashion fashion,68,0,english,urdu,False,9
IG_000392,Instagram,luxuryedit,U100391,False,257898,https://instagram.com/p/1391,https://cdn.example.com/img/392.jpg,,[],['zara'],ur,"Lahore, Pakistan",modest,2026-05-11T01:07:00Z,255,1751,2026-06-07T12:00:00Z,synthetic Instagram-like dataset,,0,zara,zara,0,zara,4,1,spanish,urdu,False,1
IG_000393,Instagram,trendwave,U100392,False,105187,https://instagram.com/p/1392,https://cdn.example.com/img/393.jpg,Summer linen set is everything! Visit https://bit.ly/look @zara,[],['zara'],en,"London, UK",luxury,2026-05-11T01:44:00Z,11200,2614,2026-06-07T12:00:00Z,synthetic Instagram-like dataset,,0,Summer linen set is everything! Visit https://bit.ly/look @zara zara,Summer linen set is everything! Visit https://bit.ly/look @zara zara,0,summer linen set is everything visit zara,41,1,english,english,False,7
IG_000394,Instagram,style_daily,U100393,False,208887,https://instagram.com/p/1393,https://cdn.example.com/img/394.jpg,هذا الفستان رائع ✨ #موضة,['موضة'],[],ar,"Dubai, UAE",casual,2026-05-11T02:21:00Z,17372,373,2026-06-07T12:00:00Z,synthetic Instagram-like dataset,موضة,1,هذا الفستان رائع ✨ #موضة موضة,هذا الفستان رائع  sparkles  #موضة موضة,1,هذا الفستان راي ع sparkles موضة موضة,36,0,arabic,arabic,False,7
IG_000395,Instagram,modest.style,U100394,False,234214,https://instagram.com/p/1394,https://cdn.example.com/img/395.jpg,"Weekend vibes 😍 یہ رنگ بہت خوبصورت ہے
New drop!!",[],['zara'],mixed_en_ur,"Manchester, UK",sportswear,2026-05-11T02:58:00Z,30483,1078,2026-06-07T12:00:00Z,synthetic Instagram-like dataset,,0,Weekend vibes 😍 یہ رنگ بہت خوبصورت ہے New drop!! zara,Weekend vibes  smiling_face_with_heart-eyes  یہ رنگ بہت خوبصورت ہے New drop!! zara,1,weekend vibes smiling_face_with_heart eyes یہ رنگ بہت خوبصورت ہے new drop zara,78,1,english,mixed,True,12
IG_000396,Instagram,fashionhub,U100395,False,350445,https://instagram.com/p/1395,https://cdn.example.com/img/396.jpg,مجھے یہ لباس بہت پسند آیا,[],['zara'],ur,"Lahore, Pakistan",casual,2026-05-11T03:35:00Z,22535,2217,2026-06-07T12:00:00Z,synthetic Instagram-like dataset,,0,مجھے یہ لباس بہت پسند آیا zara,مجھے یہ لباس بہت پسند آیا zara,0,مجھے یہ لباس بہت پسند ا یا zara,31,1,urdu,urdu,False,8
IG_000397,Instagram,modest.style,U100396,False,219983,https://instagram.com/p/1396,https://cdn.example.com/img/397.jpg,J'adore cette robe élégante ✨ #mode,['mode'],[],fr,"Paris, France",casual,2026-05-11T04:12:00Z,31123,2345,2026-06-07T12:00:00Z,synthetic Instagram-like dataset,mode,1,J'adore cette robe élégante ✨ #mode mode,J'adore cette robe élégante  sparkles  #mode mode,1,j adore cette robe e le gante sparkles mode mode,48,0,german,french,False,10
IG_000398,Instagram,modest.style,U100397,False,375001,https://instagram.com/p/1397,https://cdn.example.com/img/398.jpg,مجھے یہ لباس بہت پسند آیا,[],['zara'],ur,"Lahore, Pakistan",vintage,2026-05-11T04:49:00Z,33875,2340,2026-06-07T12:00:00Z,synthetic Instagram-like dataset,,0,مجھے یہ لباس بہت پسند آیا zara,مجھے یہ لباس بہت پسند آیا zara,0,مجھے یہ لباس بہت پسند ا یا zara,31,1,urdu,urdu,False,8
IG_000399,Instagram,modest.style,U100398,False,88142,https://instagram.com/p/1398,https://cdn.example.com/img/399.jpg,Love this outfit ❤️ مجھے یہ look بہت پسند آیا     ,[],[],mixed_en_ur,"Manchester, UK",luxury,2026-05-11T05:26:00Z,8274,174,2026-06-07T12:00:00Z,synthetic Instagram-like dataset,,0,Love this outfit ❤️ مجھے یہ look بہت پسند آیا,Love this outfit  red_heart  مجھے یہ look بہت پسند آیا,1,love this outfit red_heart مجھے یہ look بہت پسند ا یا,53,0,english,mixed,True,11
IG_000400,Instagram,modest.style,U100399,False,431760,https://instagram.com/p/1399,https://cdn.example.com/img/400.jpg,J'adore cette robe élégante ✨ #mode,['mode'],[],fr,"Paris, France",vintage,2026-05-11T06:03:00Z,16905,1309,2026-06-07T12:00:00Z,synthetic Instagram-like dataset,mode,1,J'adore cette robe élégante ✨ #mode mode,J'adore cette robe élégante  sparkles  #mode mode,1,j adore cette robe e le gante sparkles mode mode,48,0,german,french,False,10
IG_000401,Instagram,luxuryedit,U100400,False,171484,https://instagram.com/p/1400,https://cdn.example.com/img/401.jpg,Love this outfit ❤️ مجھے یہ look بہت پسند آیا     ,[],[],mixed_en_ur,"Manchester, UK",vintage,2026-05-11T06:40:00Z,30030,50,2026-06-07T12:00:00Z,synthetic Instagram-like dataset,,0,Love this outfit ❤️ مجھے یہ look بہت پسند آیا,Love this outfit  red_heart  مجھے یہ look بہت پسند آیا,1,love this outfit red_heart مجھے یہ look بہت پسند ا یا,53,0,english,mixed,True,11
IG_000402,Instagram,fashionhub,U100401,False,308746,https://instagram.com/p/1401,https://cdn.example.com/img/402.jpg,Love these shoes ❤️ أحب هذا التصميم     ,[],[],mixed_en_ar,"Doha, Qatar",streetwear,2026-05-11T07:17:00Z,6927,2304,2026-06-07T12:00:00Z,synthetic Instagram-like dataset,,0,Love these shoes ❤️ أحب هذا التصميم,Love these shoes  red_heart  أحب هذا التصميم,1,love these shoes red_heart ا حب هذا التصميم,43,0,english,mixed,True,8
IG_000403,Instagram,luxuryedit,U100402,False,460769,https://instagram.com/p/1402,https://cdn.example.com/img/403.jpg,Amazing style 🔥 هذا اللوك رائع,[],[],mixed_en_ar,"Doha, Qatar",sportswear,2026-05-11T07:54:00Z,42917,1988,2026-06-07T12:00:00Z,synthetic Instagram-like dataset,,0,Amazing style 🔥 هذا اللوك رائع,Amazing style  fire  هذا اللوك رائع,1,amazing style fire هذا اللوك راي ع,34,0,english,mixed,True,7
IG_000404,Instagram,urbanlook,U100403,False,324638,https://instagram.com/p/1403,https://cdn.example.com/img/404.jpg,,[],[],es,"Madrid, Spain",casual,2026-05-11T08:31:00Z,26332,158,2026-06-07T12:00:00Z,synthetic Instagram-like dataset,,0,,,0,,0,0,unknown,spanish,False,0
IG_000405,Instagram,style_daily,U100404,False,483282,https://instagram.com/p/1404,https://cdn.example.com/img/405.jpg,Nouvelle collection &amp; disponible,[],['zara'],fr,"Paris, France",modest,2026-05-11T09:08:00Z,1330,1383,2026-06-07T12:00:00Z,synthetic Instagram-like dataset,,0,Nouvelle collection &amp; disponible zara,Nouvelle collection &amp; disponible zara,0,nouvelle collection disponible zara,35,1,french,french,False,4
IG_000406,Instagram,modest.style,U100405,False,359559,https://instagram.com/p/1405,https://cdn.example.com/img/406.jpg,Love these shoes ❤️ أحب هذا التصميم,[],['zara'],mixed_en_ar,"Doha, Qatar",luxury,2026-05-11T09:45:00Z,8812,1230,2026-06-07T12:00:00Z,synthetic Instagram-like dataset,,0,Love these shoes ❤️ أحب هذا التصميم zara,Love these shoes  red_heart  أحب هذا التصميم zara,1,love these shoes red_heart ا حب هذا التصميم zara,48,1,english,mixed,True,9
IG_000407,Instagram,urbanlook,U100406,False,219008,https://instagram.com/p/1406,https://cdn.example.com/img/407.jpg,Weekend vibes 😍 یہ رنگ بہت خوبصورت ہے,[],[],mixed_en_ur,"Manchester, UK",streetwear,2026-05-11T10:22:00Z,12321,1809,2026-06-07T12:00:00Z,synthetic Instagram-like dataset,,0,Weekend vibes 😍 یہ رنگ بہت خوبصورت ہے,Weekend vibes  smiling_face_with_heart-eyes  یہ رنگ بہت خوبصورت ہے,1,weekend vibes smiling_face_with_heart eyes یہ رنگ بہت خوبصورت ہے,64,0,english,mixed,True,9
IG_000408,Instagram,luxuryedit,U100407,False,430949,https://instagram.com/p/1407,https://cdn.example.com/img/408.jpg,مجھے یہ لباس بہت پسند آیا,[],['zara'],ur,"Lahore, Pakistan",luxury,2026-05-11T10:59:00Z,4305,1274,2026-06-07T12:00:00Z,synthetic Instagram-like dataset,,0,مجھے یہ لباس بہت پسند آیا zara,مجھے یہ لباس بہت پسند آیا zara,0,مجھے یہ لباس بہت پسند ا یا zara,31,1,urdu,urdu,False,8
IG_000409,Instagram,luxuryedit,U100408,False,15677,https://instagram.com/p/1408,https://cdn.example.com/img/409.jpg,Weekend vibes 😍 یہ رنگ بہت خوبصورت ہے     ,[],['zara'],mixed_en_ur,"Manchester, UK",luxury,2026-05-11T11:36:00Z,3781,1021,2026-06-07T12:00:00Z,synthetic Instagram-like dataset,,0,Weekend vibes 😍 یہ رنگ بہت خوبصورت ہے zara,Weekend vibes  smiling_face_with_heart-eyes  یہ رنگ بہت خوبصورت ہے zara,1,weekend vibes smiling_face_with_heart eyes یہ رنگ بہت خوبصورت ہے zara,69,1,english,mixed,True,10
IG_000410,Instagram,urbanlook,U100409,False,144143,https://instagram.com/p/1409,https://cdn.example.com/img/410.jpg,,[],[],en,"London, UK",sportswear,2026-05-11T12:13:00Z,33108,1625,2026-06-07T12:00:00Z,synthetic Instagram-like dataset,,0,,,0,,0,0,unknown,english,False,0
IG_000411,Instagram,fashionhub,U100410,False,311949,https://instagram.com/p/1410,https://cdn.example.com/img/411.jpg,Love this outfit ❤️ مجھے یہ look بہت پسند آیا,[],[],mixed_en_ur,"Manchester, UK",sportswear,2026-05-11T12:50:00Z,38466,2258,2026-06-07T12:00:00Z,synthetic Instagram-like dataset,,0,Love this outfit ❤️ مجھے یہ look بہت پسند آیا,Love this outfit  red_heart  مجھے یہ look بہت پسند آیا,1,love this outfit red_heart مجھے یہ look بہت پسند ا یا,53,0,english,mixed,True,11
IG_000412,Instagram,urbanlook,U100411,False,361656,https://instagram.com/p/1411,https://cdn.example.com/img/412.jpg,"أحب هذا اللوك كثيراً
New drop!!",[],['zara'],ar,"Dubai, UAE",streetwear,2026-05-11T13:27:00Z,25338,203,2026-06-07T12:00:00Z,synthetic Instagram-like dataset,,0,أحب هذا اللوك كثيراً New drop!! zara,أحب هذا اللوك كثيراً New drop!! zara,0,ا حب هذا اللوك كثيرا new drop zara,34,1,arabic,arabic,False,8
IG_000413,Instagram,trendwave,U100412,False,108886,https://instagram.com/p/1412,https://cdn.example.com/img/413.jpg,یہ عبایا بہت خوبصورت ہے 😍 #fashion,['fashion'],['zara'],ur,"Lahore, Pakistan",sportswear,2026-05-11T14:04:00Z,33643,82,2026-06-07T12:00:00Z,synthetic Instagram-like dataset,fashion,1,یہ عبایا بہت خوبصورت ہے 😍 #fashion fashion zara,یہ عبایا بہت خوبصورت ہے  smiling_face_with_heart-eyes  #fashion fashion zara,1,یہ عبایا بہت خوبصورت ہے smiling_face_with_heart eyes fashion fashion zara,73,1,english,urdu,False,10
IG_000414,Instagram,fashionhub,U100413,False,315671,https://instagram.com/p/1413,https://cdn.example.com/img/414.jpg,Amazing style 🔥 هذا اللوك رائع,[],[],mixed_en_ar,"Doha, Qatar",luxury,2026-05-11T14:41:00Z,16545,2491,2026-06-07T12:00:00Z,synthetic Instagram-like dataset,,0,Amazing style 🔥 هذا اللوك رائع,Amazing style  fire  هذا اللوك رائع,1,amazing style fire هذا اللوك راي ع,34,0,english,mixed,True,7
IG_000415,Instagram,trendwave,U100414,False,222696,https://instagram.com/p/1414,https://cdn.example.com/img/415.jpg,Love these shoes ❤️ أحب هذا التصميم,[],[],mixed_en_ar,"Doha, Qatar",modest,2026-05-11T15:18:00Z,30085,1032,2026-06-07T12:00:00Z,synthetic Instagram-like dataset,,0,Love these shoes ❤️ أحب هذا التصميم,Love these shoes  red_heart  أحب هذا التصميم,1,love these shoes red_heart ا حب هذا التصميم,43,0,english,mixed,True,8
IG_000416,Instagram,luxuryedit,U100415,False,208722,https://instagram.com/p/1415,https://cdn.example.com/img/416.jpg,مجھے یہ لباس بہت پسند آیا,[],[],ur,"Lahore, Pakistan",streetwear,2026-05-11T15:55:00Z,33527,2713,2026-06-07T12:00:00Z,synthetic Instagram-like dataset,,0,مجھے یہ لباس بہت پسند آیا,مجھے یہ لباس بہت پسند آیا,0,مجھے یہ لباس بہت پسند ا یا,26,0,urdu,urdu,False,7
IG_000417,Instagram,luxuryedit,U100416,False,156987,https://instagram.com/p/1416,https://cdn.example.com/img/417.jpg,Love these shoes ❤️ أحب هذا التصميم,[],[],mixed_en_ar,"Doha, Qatar",sportswear,2026-05-11T16:32:00Z,4188,1377,2026-06-07T12:00:00Z,synthetic Instagram-like dataset,,0,Love these shoes ❤️ أحب هذا التصميم,Love these shoes  red_heart  أحب هذا التصميم,1,love these shoes red_heart ا حب هذا التصميم,43,0,english,mixed,True,8
IG_000418,Instagram,urbanlook,U100417,False,499720,https://instagram.com/p/1417,https://cdn.example.com/img/418.jpg,أحب هذا اللوك كثيراً,[],[],ar,"Dubai, UAE",modest,2026-05-11T17:09:00Z,12349,614,2026-06-07T12:00:00Z,synthetic Instagram-like dataset,,0,أحب هذا اللوك كثيراً,أحب هذا اللوك كثيراً,0,ا حب هذا اللوك كثيرا,20,0,arabic,arabic,False,5
IG_000419,Instagram,luxuryedit,U100418,False,168054,https://instagram.com/p/1418,https://cdn.example.com/img/419.jpg,Me encanta este vestido 😍 #moda,['moda'],[],es,"Madrid, Spain",casual,2026-05-11T17:46:00Z,1673,2684,2026-06-07T12:00:00Z,synthetic Instagram-like dataset,moda,1,Me encanta este vestido 😍 #moda moda,Me encanta este vestido  smiling_face_with_heart-eyes  #moda moda,1,me encanta este vestido smiling_face_with_heart eyes moda moda,62,0,spanish,spanish,False,8
IG_000420,Instagram,modest.style,U100419,False,386759,https://instagram.com/p/1419,https://cdn.example.com/img/420.jpg,Nouvelle collection &amp; disponible,[],['zara'],fr,"Paris, France",casual,2026-05-11T18:23:00Z,37494,777,2026-06-07T12:00:00Z,synthetic Instagram-like dataset,,0,Nouvelle collection &amp; disponible zara,Nouvelle collection &amp; disponible zara,0,nouvelle collection disponible zara,35,1,french,french,False,4
IG_000421,Instagram,trendwave,U100420,False,475780,https://instagram.com/p/1420,https://cdn.example.com/img/421.jpg,هذا الفستان رائع ✨ #موضة,['موضة'],[],ar,"Dubai, UAE",modest,2026-05-11T19:00:00Z,33252,1229,2026-06-07T12:00:00Z,synthetic Instagram-like dataset,موضة,1,هذا الفستان رائع ✨ #موضة موضة,هذا الفستان رائع  sparkles  #موضة موضة,1,هذا الفستان راي ع sparkles موضة موضة,36,0,arabic,arabic,False,7
IG_000422,Instagram,luxuryedit,U100421,False,51672,https://instagram.com/p/1421,https://cdn.example.com/img/422.jpg,Amazing style 🔥 هذا اللوك رائع,[],[],mixed_en_ar,"Doha, Qatar",casual,2026-05-11T19:37:00Z,16956,2970,2026-06-07T12:00:00Z,synthetic Instagram-like dataset,,0,Amazing style 🔥 هذا اللوك رائع,Amazing style  fire  هذا اللوك رائع,1,amazing style fire هذا اللوك راي ع,34,0,english,mixed,True,7
IG_000423,Instagram,urbanlook,U100422,False,117024,https://instagram.com/p/1422,https://cdn.example.com/img/423.jpg,Amazing style 🔥 هذا اللوك رائع,[],[],mixed_en_ar,"Doha, Qatar",casual,2026-05-11T20:14:00Z,20130,1722,2026-06-07T12:00:00Z,synthetic Instagram-like dataset,,0,Amazing style 🔥 هذا اللوك رائع,Amazing style  fire  هذا اللوك رائع,1,amazing style fire هذا اللوك راي ع,34,0,english,mixed,True,7
IG_000424,Instagram,luxuryedit,U100423,False,446781,https://instagram.com/p/1423,https://cdn.example.com/img/424.jpg,Love these shoes ❤️ أحب هذا التصميم,[],['zara'],mixed_en_ar,"Doha, Qatar",streetwear,2026-05-11T20:51:00Z,41580,2390,2026-06-07T12:00:00Z,synthetic Instagram-like dataset,,0,Love these shoes ❤️ أحب هذا التصميم zara,Love these shoes  red_heart  أحب هذا التصميم zara,1,love these shoes red_heart ا حب هذا التصميم zara,48,1,english,mixed,True,9
IG_000425,Instagram,fashionhub,U100424,False,455318,https://instagram.com/p/1424,https://cdn.example.com/img/425.jpg,Me encanta este vestido 😍 #moda,['moda'],[],es,"Madrid, Spain",vintage,2026-05-11T21:28:00Z,19558,1692,2026-06-07T12:00:00Z,synthetic Instagram-like dataset,moda,1,Me encanta este vestido 😍 #moda moda,Me encanta este vestido  smiling_face_with_heart-eyes  #moda moda,1,me encanta este vestido smiling_face_with_heart eyes moda moda,62,0,spanish,spanish,False,8
IG_000426,Instagram,fashionhub,U100425,False,299031,https://instagram.com/p/1425,https://cdn.example.com/img/426.jpg,Love this oversized blazer 😍 #fashion #streetstyle     ,"['streetstyle', 'fashion']",[],en,"London, UK",sportswear,2026-05-11T22:05:00Z,9391,1295,2026-06-07T12:00:00Z,synthetic Instagram-like dataset,streetstyle fashion,2,Love this oversized blazer 😍 #fashion #streetstyle streetstyle fashion,Love this oversized blazer  smiling_face_with_heart-eyes  #fashion #streetstyle streetstyle fashion,1,love this oversized blazer smiling_face_with_heart eyes fashion streetstyle streetstyle fashion,95,0,english,english,False,10
IG_000427,Instagram,modest.style,U100426,False,93206,https://instagram.com/p/1426,https://cdn.example.com/img/427.jpg,Amazing style 🔥 هذا اللوك رائع,[],[],mixed_en_ar,"Doha, Qatar",streetwear,2026-05-11T22:42:00Z,313,1851,2026-06-07T12:00:00Z,synthetic Instagram-like dataset,,0,Amazing style 🔥 هذا اللوك رائع,Amazing style  fire  هذا اللوك رائع,1,amazing style fire هذا اللوك راي ع,34,0,english,mixed,True,7
IG_000428,Instagram,fashionhub,U100427,False,83565,https://instagram.com/p/1427,https://cdn.example.com/img/428.jpg,هذا الفستان رائع ✨ #موضة,['موضة'],[],ar,"Dubai, UAE",streetwear,2026-05-11T23:19:00Z,8485,2516,2026-06-07T12:00:00Z,synthetic Instagram-like dataset,موضة,1,هذا الفستان رائع ✨ #موضة موضة,هذا الفستان رائع  sparkles  #موضة موضة,1,هذا الفستان راي ع sparkles موضة موضة,36,0,arabic,arabic,False,7
IG_000429,Instagram,modest.style,U100428,False,20278,https://instagram.com/p/1428,https://cdn.example.com/img/429.jpg,Nouvelle collection &amp; disponible,[],[],fr,"Paris, France",casual,2026-05-11T23:56:00Z,24456,57,2026-06-07T12:00:00Z,synthetic Instagram-like dataset,,0,Nouvelle collection &amp; disponible,Nouvelle collection &amp; disponible,0,nouvelle collection disponible,30,0,french,french,False,3
IG_000430,Instagram,style_daily,U100429,False,130954,https://instagram.com/p/1429,https://cdn.example.com/img/430.jpg,,[],['zara'],ar,"Dubai, UAE",modest,2026-05-12T00:33:00Z,20458,528,2026-06-07T12:00:00Z,synthetic Instagram-like dataset,,0,zara,zara,0,zara,4,1,spanish,arabic,False,1
IG_000431,Instagram,urbanlook,U100430,False,432431,https://instagram.com/p/1430,https://cdn.example.com/img/431.jpg,Summer linen set is everything! Visit https://bit.ly/look @zara,[],['zara'],en,"London, UK",modest,2026-05-12T01:10:00Z,29884,2981,2026-06-07T12:00:00Z,synthetic Instagram-like dataset,,0,Summer linen set is everything! Visit https://bit.ly/look @zara zara,Summer linen set is everything! Visit https://bit.ly/look @zara zara,0,summer linen set is everything visit zara,41,1,english,english,False,7
IG_000432,Instagram,trendwave,U100431,False,180190,https://instagram.com/p/1431,https://cdn.example.com/img/432.jpg,Nuevo look para el verano,[],[],es,"Madrid, Spain",sportswear,2026-05-12T01:47:00Z,23548,771,2026-06-07T12:00:00Z,synthetic Instagram-like dataset,,0,Nuevo look para el verano,Nuevo look para el verano,0,nuevo look para el verano,25,0,spanish,spanish,False,5
IG_000433,Instagram,fashionhub,U100432,False,69289,https://instagram.com/p/1432,https://cdn.example.com/img/433.jpg,,[],['zara'],ur,"Lahore, Pakistan",streetwear,2026-05-12T02:24:00Z,38651,2066,2026-06-07T12:00:00Z,synthetic Instagram-like dataset,,0,zara,zara,0,zara,4,1,spanish,urdu,False,1
IG_000434,Instagram,trendwave,U100433,False,197208,https://instagram.com/p/1433,https://cdn.example.com/img/434.jpg,یہ عبایا بہت خوبصورت ہے 😍 #fashion,['fashion'],[],ur,"Lahore, Pakistan",modest,2026-05-12T03:01:00Z,35049,2552,2026-06-07T12:00:00Z,synthetic Instagram-like dataset,fashion,1,یہ عبایا بہت خوبصورت ہے 😍 #fashion fashion,یہ عبایا بہت خوبصورت ہے  smiling_face_with_heart-eyes  #fashion fashion,1,یہ عبایا بہت خوبصورت ہے smiling_face_with_heart eyes fashion fashion,68,0,english,urdu,False,9
IG_000435,Instagram,trendwave,U100434,False,25789,https://instagram.com/p/1434,https://cdn.example.com/img/435.jpg,Love this oversized blazer 😍 #fashion #streetstyle,"['streetstyle', 'fashion']",[],en,"London, UK",sportswear,2026-05-12T03:38:00Z,29123,1557,2026-06-07T12:00:00Z,synthetic Instagram-like dataset,streetstyle fashion,2,Love this oversized blazer 😍 #fashion #streetstyle streetstyle fashion,Love this oversized blazer  smiling_face_with_heart-eyes  #fashion #streetstyle streetstyle fashion,1,love this oversized blazer smiling_face_with_heart eyes fashion streetstyle streetstyle fashion,95,0,english,english,False,10
IG_000436,Instagram,fashionhub,U100435,False,360025,https://instagram.com/p/1435,https://cdn.example.com/img/436.jpg,Summer linen set is everything! Visit https://bit.ly/look @zara,[],[],en,"London, UK",modest,2026-05-12T04:15:00Z,27587,2710,2026-06-07T12:00:00Z,synthetic Instagram-like dataset,,0,Summer linen set is everything! Visit https://bit.ly/look @zara,Summer linen set is everything! Visit https://bit.ly/look @zara,0,summer linen set is everything visit,36,0,english,english,False,6
IG_000437,Instagram,trendwave,U100436,False,436001,https://instagram.com/p/1436,https://cdn.example.com/img/437.jpg,Summer linen set is everything! Visit https://bit.ly/look @zara,[],[],en,"London, UK",vintage,2026-05-12T04:52:00Z,47110,2530,2026-06-07T12:00:00Z,synthetic Instagram-like dataset,,0,Summer linen set is everything! Visit https://bit.ly/look @zara,Summer linen set is everything! Visit https://bit.ly/look @zara,0,summer linen set is everything visit,36,0,english,english,False,6
IG_000438,Instagram,style_daily,U100437,False,319792,https://instagram.com/p/1437,https://cdn.example.com/img/438.jpg,Summer linen set is everything! Visit https://bit.ly/look @zara     ,[],['zara'],en,"London, UK",modest,2026-05-12T05:29:00Z,34289,826,2026-06-07T12:00:00Z,synthetic Instagram-like dataset,,0,Summer linen set is everything! Visit https://bit.ly/look @zara zara,Summer linen set is everything! Visit https://bit.ly/look @zara zara,0,summer linen set is everything visit zara,41,1,english,english,False,7
IG_000439,Instagram,style_daily,U100438,False,477789,https://instagram.com/p/1438,https://cdn.example.com/img/439.jpg,أحب هذا اللوك كثيراً,[],['zara'],ar,"Dubai, UAE",sportswear,2026-05-12T06:06:00Z,21671,960,2026-06-07T12:00:00Z,synthetic Instagram-like dataset,,0,أحب هذا اللوك كثيراً zara,أحب هذا اللوك كثيراً zara,0,ا حب هذا اللوك كثيرا zara,25,1,arabic,arabic,False,6
IG_000440,Instagram,style_daily,U100439,False,351260,https://instagram.com/p/1439,https://cdn.example.com/img/440.jpg,Love this oversized blazer 😍 #fashion #streetstyle,"['streetstyle', 'fashion']",[],en,"London, UK",streetwear,2026-05-12T06:43:00Z,33540,307,2026-06-07T12:00:00Z,synthetic Instagram-like dataset,streetstyle fashion,2,Love this oversized blazer 😍 #fashion #streetstyle streetstyle fashion,Love this oversized blazer  smiling_face_with_heart-eyes  #fashion #streetstyle streetstyle fashion,1,love this oversized blazer smiling_face_with_heart eyes fashion streetstyle streetstyle fashion,95,0,english,english,False,10
IG_000441,Instagram,trendwave,U100440,False,155700,https://instagram.com/p/1440,https://cdn.example.com/img/441.jpg,Love this outfit ❤️ مجھے یہ look بہت پسند آیا,[],['zara'],mixed_en_ur,"Manchester, UK",streetwear,2026-05-12T07:20:00Z,6546,715,2026-06-07T12:00:00Z,synthetic Instagram-like dataset,,0,Love this outfit ❤️ مجھے یہ look بہت پسند آیا zara,Love this outfit  red_heart  مجھے یہ look بہت پسند آیا zara,1,love this outfit red_heart مجھے یہ look بہت پسند ا یا zara,58,1,english,mixed,True,12
IG_000442,Instagram,urbanlook,U100441,False,164448,https://instagram.com/p/1441,https://cdn.example.com/img/442.jpg,Amazing style 🔥 هذا اللوك رائع,[],[],mixed_en_ar,"Doha, Qatar",streetwear,2026-05-12T07:57:00Z,6230,187,2026-06-07T12:00:00Z,synthetic Instagram-like dataset,,0,Amazing style 🔥 هذا اللوك رائع,Amazing style  fire  هذا اللوك رائع,1,amazing style fire هذا اللوك راي ع,34,0,english,mixed,True,7
IG_000443,Instagram,fashionhub,U100442,False,469490,https://instagram.com/p/1442,https://cdn.example.com/img/443.jpg,Love this oversized blazer 😍 #fashion #streetstyle,"['streetstyle', 'fashion']",[],en,"London, UK",vintage,2026-05-12T08:34:00Z,17588,380,2026-06-07T12:00:00Z,synthetic Instagram-like dataset,streetstyle fashion,2,Love this oversized blazer 😍 #fashion #streetstyle streetstyle fashion,Love this oversized blazer  smiling_face_with_heart-eyes  #fashion #streetstyle streetstyle fashion,1,love this oversized blazer smiling_face_with_heart eyes fashion streetstyle streetstyle fashion,95,0,english,english,False,10
IG_000444,Instagram,modest.style,U100443,False,239857,https://instagram.com/p/1443,https://cdn.example.com/img/444.jpg,"أحب هذا اللوك كثيراً
New drop!!",[],['zara'],ar,"Dubai, UAE",sportswear,2026-05-12T09:11:00Z,45218,1958,2026-06-07T12:00:00Z,synthetic Instagram-like dataset,,0,أحب هذا اللوك كثيراً New drop!! zara,أحب هذا اللوك كثيراً New drop!! zara,0,ا حب هذا اللوك كثيرا new drop zara,34,1,arabic,arabic,False,8
IG_000445,Instagram,fashionhub,U100444,False,365493,https://instagram.com/p/1444,https://cdn.example.com/img/445.jpg,Love these shoes ❤️ أحب هذا التصميم,[],[],mixed_en_ar,"Doha, Qatar",luxury,2026-05-12T09:48:00Z,6801,1704,2026-06-07T12:00:00Z,synthetic Instagram-like dataset,,0,Love these shoes ❤️ أحب هذا التصميم,Love these shoes  red_heart  أحب هذا التصميم,1,love these shoes red_heart ا حب هذا التصميم,43,0,english,mixed,True,8
IG_000446,Instagram,trendwave,U100445,False,321009,https://instagram.com/p/1445,https://cdn.example.com/img/446.jpg,Nuevo look para el verano,[],[],es,"Madrid, Spain",modest,2026-05-12T10:25:00Z,40070,118,2026-06-07T12:00:00Z,synthetic Instagram-like dataset,,0,Nuevo look para el verano,Nuevo look para el verano,0,nuevo look para el verano,25,0,spanish,spanish,False,5
IG_000447,Instagram,modest.style,U100446,False,216131,https://instagram.com/p/1446,https://cdn.example.com/img/447.jpg,Amazing style 🔥 هذا اللوك رائع,[],[],mixed_en_ar,"Doha, Qatar",streetwear,2026-05-12T11:02:00Z,17150,2682,2026-06-07T12:00:00Z,synthetic Instagram-like dataset,,0,Amazing style 🔥 هذا اللوك رائع,Amazing style  fire  هذا اللوك رائع,1,amazing style fire هذا اللوك راي ع,34,0,english,mixed,True,7
IG_000448,Instagram,trendwave,U100447,False,390373,https://instagram.com/p/1447,https://cdn.example.com/img/448.jpg,هذا الفستان رائع ✨ #موضة,['موضة'],[],ar,"Dubai, UAE",vintage,2026-05-12T11:39:00Z,14684,2743,2026-06-07T12:00:00Z,synthetic Instagram-like dataset,موضة,1,هذا الفستان رائع ✨ #موضة موضة,هذا الفستان رائع  sparkles  #موضة موضة,1,هذا الفستان راي ع sparkles موضة موضة,36,0,arabic,arabic,False,7
IG_000449,Instagram,trendwave,U100448,False,50434,https://instagram.com/p/1448,https://cdn.example.com/img/449.jpg,Love these shoes ❤️ أحب هذا التصميم,[],[],mixed_en_ar,"Doha, Qatar",casual,2026-05-12T12:16:00Z,16295,1973,2026-06-07T12:00:00Z,synthetic Instagram-like dataset,,0,Love these shoes ❤️ أحب هذا التصميم,Love these shoes  red_heart  أحب هذا التصميم,1,love these shoes red_heart ا حب هذا التصميم,43,0,english,mixed,True,8
IG_000450,Instagram,luxuryedit,U100449,False,321843,https://instagram.com/p/1449,https://cdn.example.com/img/450.jpg,أحب هذا اللوك كثيراً     ,[],['zara'],ar,"Dubai, UAE",casual,2026-05-12T12:53:00Z,10289,2070,2026-06-07T12:00:00Z,synthetic Instagram-like dataset,,0,أحب هذا اللوك كثيراً zara,أحب هذا اللوك كثيراً zara,0,ا حب هذا اللوك كثيرا zara,25,1,arabic,arabic,False,6
IG_000451,Instagram,fashionhub,U100450,True,258265,https://instagram.com/p/1450,https://cdn.example.com/img/451.jpg,Love these shoes ❤️ أحب هذا التصميم,[],[],mixed_en_ar,"Doha, Qatar",modest,2026-05-12T13:30:00Z,18234,206,2026-06-07T12:00:00Z,synthetic Instagram-like dataset,,0,Love these shoes ❤️ أحب هذا التصميم,Love these shoes  red_heart  أحب هذا التصميم,1,love these shoes red_heart ا حب هذا التصميم,43,0,english,mixed,True,8
IG_000452,Instagram,modest.style,U100451,False,123707,https://instagram.com/p/1451,https://cdn.example.com/img/452.jpg,Me encanta este vestido 😍 #moda,['moda'],['zara'],es,"Madrid, Spain",sportswear,2026-05-12T14:07:00Z,37559,1835,2026-06-07T12:00:00Z,synthetic Instagram-like dataset,moda,1,Me encanta este vestido 😍 #moda moda zara,Me encanta este vestido  smiling_face_with_heart-eyes  #moda moda zara,1,me encanta este vestido smiling_face_with_heart eyes moda moda zara,67,1,spanish,spanish,False,9
IG_000453,Instagram,style_daily,U100452,False,391219,https://instagram.com/p/1452,https://cdn.example.com/img/453.jpg,Summer linen set is everything! Visit https://bit.ly/look @zara,[],[],en,"London, UK",streetwear,2026-05-12T14:44:00Z,26444,1688,2026-06-07T12:00:00Z,synthetic Instagram-like dataset,,0,Summer linen set is everything! Visit https://bit.ly/look @zara,Summer linen set is everything! Visit https://bit.ly/look @zara,0,summer linen set is everything visit,36,0,english,english,False,6
IG_000454,Instagram,luxuryedit,U100453,False,334753,https://instagram.com/p/1453,https://cdn.example.com/img/454.jpg,Love this oversized blazer 😍 #fashion #streetstyle,"['streetstyle', 'fashion']",[],en,"London, UK",vintage,2026-05-12T15:21:00Z,36858,847,2026-06-07T12:00:00Z,synthetic Instagram-like dataset,streetstyle fashion,2,Love this oversized blazer 😍 #fashion #streetstyle streetstyle fashion,Love this oversized blazer  smiling_face_with_heart-eyes  #fashion #streetstyle streetstyle fashion,1,love this oversized blazer smiling_face_with_heart eyes fashion streetstyle streetstyle fashion,95,0,english,english,False,10
IG_000455,Instagram,urbanlook,U100454,False,428627,https://instagram.com/p/1454,https://cdn.example.com/img/455.jpg,Weekend vibes 😍 یہ رنگ بہت خوبصورت ہے,[],['zara'],mixed_en_ur,"Manchester, UK",sportswear,2026-05-12T15:58:00Z,21761,2294,2026-06-07T12:00:00Z,synthetic Instagram-like dataset,,0,Weekend vibes 😍 یہ رنگ بہت خوبصورت ہے zara,Weekend vibes  smiling_face_with_heart-eyes  یہ رنگ بہت خوبصورت ہے zara,1,weekend vibes smiling_face_with_heart eyes یہ رنگ بہت خوبصورت ہے zara,69,1,english,mixed,True,10
IG_000456,Instagram,urbanlook,U100455,False,60281,https://instagram.com/p/1455,https://cdn.example.com/img/456.jpg,Love these shoes ❤️ أحب هذا التصميم,[],['zara'],mixed_en_ar,"Doha, Qatar",casual,2026-05-12T16:35:00Z,14537,8,2026-06-07T12:00:00Z,synthetic Instagram-like dataset,,0,Love these shoes ❤️ أحب هذا التصميم zara,Love these shoes  red_heart  أحب هذا التصميم zara,1,love these shoes red_heart ا حب هذا التصميم zara,48,1,english,mixed,True,9
IG_000457,Instagram,urbanlook,U100456,False,196526,https://instagram.com/p/1456,https://cdn.example.com/img/457.jpg,أحب هذا اللوك كثيراً,[],[],ar,"Dubai, UAE",streetwear,2026-05-12T17:12:00Z,10763,2016,2026-06-07T12:00:00Z,synthetic Instagram-like dataset,,0,أحب هذا اللوك كثيراً,أحب هذا اللوك كثيراً,0,ا حب هذا اللوك كثيرا,20,0,arabic,arabic,False,5
IG_000458,Instagram,luxuryedit,U100457,False,63805,https://instagram.com/p/1457,https://cdn.example.com/img/458.jpg,مجھے یہ لباس بہت پسند آیا     ,[],[],ur,"Lahore, Pakistan",sportswear,2026-05-12T17:49:00Z,14133,1872,2026-06-07T12:00:00Z,synthetic Instagram-like dataset,,0,مجھے یہ لباس بہت پسند آیا,مجھے یہ لباس بہت پسند آیا,0,مجھے یہ لباس بہت پسند ا یا,26,0,urdu,urdu,False,7
IG_000459,Instagram,style_daily,U100458,False,24879,https://instagram.com/p/1458,https://cdn.example.com/img/459.jpg,Amazing style 🔥 هذا اللوك رائع,[],[],mixed_en_ar,"Doha, Qatar",casual,2026-05-12T18:26:00Z,38593,504,2026-06-07T12:00:00Z,synthetic Instagram-like dataset,,0,Amazing style 🔥 هذا اللوك رائع,Amazing style  fire  هذا اللوك رائع,1,amazing style fire هذا اللوك راي ع,34,0,english,mixed,True,7
IG_000460,Instagram,luxuryedit,U100459,False,71088,https://instagram.com/p/1459,https://cdn.example.com/img/460.jpg,Love these shoes ❤️ أحب هذا التصميم,[],[],mixed_en_ar,"Doha, Qatar",streetwear,2026-05-12T19:03:00Z,34762,198,2026-06-07T12:00:00Z,synthetic Instagram-like dataset,,0,Love these shoes ❤️ أحب هذا التصميم,Love these shoes  red_heart  أحب هذا التصميم,1,love these shoes red_heart ا حب هذا التصميم,43,0,english,mixed,True,8
IG_000461,Instagram,modest.style,U100460,False,410011,https://instagram.com/p/1460,https://cdn.example.com/img/461.jpg,Nuevo look para el verano,[],[],es,"Madrid, Spain",luxury,2026-05-12T19:40:00Z,45343,2369,2026-06-07T12:00:00Z,synthetic Instagram-like dataset,,0,Nuevo look para el verano,Nuevo look para el verano,0,nuevo look para el verano,25,0,spanish,spanish,False,5
IG_000462,Instagram,trendwave,U100461,False,463286,https://instagram.com/p/1461,https://cdn.example.com/img/462.jpg,یہ عبایا بہت خوبصورت ہے 😍 #fashion     ,['fashion'],[],ur,"Lahore, Pakistan",sportswear,2026-05-12T20:17:00Z,27442,2494,2026-06-07T12:00:00Z,synthetic Instagram-like dataset,fashion,1,یہ عبایا بہت خوبصورت ہے 😍 #fashion fashion,یہ عبایا بہت خوبصورت ہے  smiling_face_with_heart-eyes  #fashion fashion,1,یہ عبایا بہت خوبصورت ہے smiling_face_with_heart eyes fashion fashion,68,0,english,urdu,False,9
IG_000463,Instagram,urbanlook,U100462,False,237921,https://instagram.com/p/1462,https://cdn.example.com/img/463.jpg,Love this outfit ❤️ مجھے یہ look بہت پسند آیا,[],[],mixed_en_ur,"Manchester, UK",luxury,2026-05-12T20:54:00Z,27054,2467,2026-06-07T12:00:00Z,synthetic Instagram-like dataset,,0,Love this outfit ❤️ مجھے یہ look بہت پسند آیا,Love this outfit  red_heart  مجھے یہ look بہت پسند آیا,1,love this outfit red_heart مجھے یہ look بہت پسند ا یا,53,0,english,mixed,True,11
IG_000464,Instagram,luxuryedit,U100463,False,373727,https://instagram.com/p/1463,https://cdn.example.com/img/464.jpg,Weekend vibes 😍 یہ رنگ بہت خوبصورت ہے,[],[],mixed_en_ur,"Manchester, UK",vintage,2026-05-12T21:31:00Z,41461,890,2026-06-07T12:00:00Z,synthetic Instagram-like dataset,,0,Weekend vibes 😍 یہ رنگ بہت خوبصورت ہے,Weekend vibes  smiling_face_with_heart-eyes  یہ رنگ بہت خوبصورت ہے,1,weekend vibes smiling_face_with_heart eyes یہ رنگ بہت خوبصورت ہے,64,0,english,mixed,True,9
IG_000465,Instagram,urbanlook,U100464,False,483469,https://instagram.com/p/1464,https://cdn.example.com/img/465.jpg,یہ عبایا بہت خوبصورت ہے 😍 #fashion,['fashion'],[],ur,"Lahore, Pakistan",casual,2026-05-12T22:08:00Z,42609,728,2026-06-07T12:00:00Z,synthetic Instagram-like dataset,fashion,1,یہ عبایا بہت خوبصورت ہے 😍 #fashion fashion,یہ عبایا بہت خوبصورت ہے  smiling_face_with_heart-eyes  #fashion fashion,1,یہ عبایا بہت خوبصورت ہے smiling_face_with_heart eyes fashion fashion,68,0,english,urdu,False,9
IG_000466,Instagram,urbanlook,U100465,False,306058,https://instagram.com/p/1465,https://cdn.example.com/img/466.jpg,Nuevo look para el verano,[],[],es,"Madrid, Spain",casual,2026-05-12T22:45:00Z,46543,1709,2026-06-07T12:00:00Z,synthetic Instagram-like dataset,,0,Nuevo look para el verano,Nuevo look para el verano,0,nuevo look para el verano,25,0,spanish,spanish,False,5
IG_000467,Instagram,modest.style,U100466,False,274561,https://instagram.com/p/1466,https://cdn.example.com/img/467.jpg,Weekend vibes 😍 یہ رنگ بہت خوبصورت ہے,[],['zara'],mixed_en_ur,"Manchester, UK",sportswear,2026-05-12T23:22:00Z,9529,217,2026-06-07T12:00:00Z,synthetic Instagram-like dataset,,0,Weekend vibes 😍 یہ رنگ بہت خوبصورت ہے zara,Weekend vibes  smiling_face_with_heart-eyes  یہ رنگ بہت خوبصورت ہے zara,1,weekend vibes smiling_face_with_heart eyes یہ رنگ بہت خوبصورت ہے zara,69,1,english,mixed,True,10
IG_000468,Instagram,fashionhub,U100467,False,358793,https://instagram.com/p/1467,https://cdn.example.com/img/468.jpg,"Love this outfit ❤️ مجھے یہ look بہت پسند آیا
New drop!!",[],['zara'],mixed_en_ur,"Manchester, UK",streetwear,2026-05-12T23:59:00Z,45263,1208,2026-06-07T12:00:00Z,synthetic Instagram-like dataset,,0,Love this outfit ❤️ مجھے یہ look بہت پسند آیا New drop!! zara,Love this outfit  red_heart  مجھے یہ look بہت پسند آیا New drop!! zara,1,love this outfit red_heart مجھے یہ look بہت پسند ا یا new drop zara,67,1,english,mixed,True,14
IG_000469,Instagram,modest.style,U100468,False,455600,https://instagram.com/p/1468,https://cdn.example.com/img/469.jpg,یہ عبایا بہت خوبصورت ہے 😍 #fashion,['fashion'],[],ur,"Lahore, Pakistan",vintage,2026-05-13T00:36:00Z,14705,2650,2026-06-07T12:00:00Z,synthetic Instagram-like dataset,fashion,1,یہ عبایا بہت خوبصورت ہے 😍 #fashion fashion,یہ عبایا بہت خوبصورت ہے  smiling_face_with_heart-eyes  #fashion fashion,1,یہ عبایا بہت خوبصورت ہے smiling_face_with_heart eyes fashion fashion,68,0,english,urdu,False,9
IG_000470,Instagram,trendwave,U100469,False,348886,https://instagram.com/p/1469,https://cdn.example.com/img/470.jpg,Nuevo look para el verano,[],['zara'],es,"Madrid, Spain",sportswear,2026-05-13T01:13:00Z,25403,1706,2026-06-07T12:00:00Z,synthetic Instagram-like dataset,,0,Nuevo look para el verano zara,Nuevo look para el verano zara,0,nuevo look para el verano zara,30,1,spanish,spanish,False,6
IG_000471,Instagram,style_daily,U100470,True,132275,https://instagram.com/p/1470,https://cdn.example.com/img/471.jpg,Love these shoes ❤️ أحب هذا التصميم,[],['zara'],mixed_en_ar,"Doha, Qatar",sportswear,2026-05-13T01:50:00Z,14786,2595,2026-06-07T12:00:00Z,synthetic Instagram-like dataset,,0,Love these shoes ❤️ أحب هذا التصميم zara,Love these shoes  red_heart  أحب هذا التصميم zara,1,love these shoes red_heart ا حب هذا التصميم zara,48,1,english,mixed,True,9
IG_000472,Instagram,luxuryedit,U100471,False,103506,https://instagram.com/p/1471,https://cdn.example.com/img/472.jpg,Weekend vibes 😍 یہ رنگ بہت خوبصورت ہے,[],[],mixed_en_ur,"Manchester, UK",luxury,2026-05-13T02:27:00Z,19284,1838,2026-06-07T12:00:00Z,synthetic Instagram-like dataset,,0,Weekend vibes 😍 یہ رنگ بہت خوبصورت ہے,Weekend vibes  smiling_face_with_heart-eyes  یہ رنگ بہت خوبصورت ہے,1,weekend vibes smiling_face_with_heart eyes یہ رنگ بہت خوبصورت ہے,64,0,english,mixed,True,9
IG_000473,Instagram,fashionhub,U100472,False,63075,https://instagram.com/p/1472,https://cdn.example.com/img/473.jpg,"یہ عبایا بہت خوبصورت ہے 😍 #fashion
New drop!!",['fashion'],[],ur,"Lahore, Pakistan",sportswear,2026-05-13T03:04:00Z,18296,2279,2026-06-07T12:00:00Z,synthetic Instagram-like dataset,fashion,1,یہ عبایا بہت خوبصورت ہے 😍 #fashion New drop!! fashion,یہ عبایا بہت خوبصورت ہے  smiling_face_with_heart-eyes  #fashion New drop!! fashion,1,یہ عبایا بہت خوبصورت ہے smiling_face_with_heart eyes fashion new drop fashion,77,0,english,urdu,False,11
IG_000474,Instagram,urbanlook,U100473,True,244991,https://instagram.com/p/1473,https://cdn.example.com/img/474.jpg,"هذا الفستان رائع ✨ #موضة
New drop!!",['موضة'],[],ar,"Dubai, UAE",luxury,2026-05-13T03:41:00Z,2622,629,2026-06-07T12:00:00Z,synthetic Instagram-like dataset,موضة,1,هذا الفستان رائع ✨ #موضة New drop!! موضة,هذا الفستان رائع  sparkles  #موضة New drop!! موضة,1,هذا الفستان راي ع sparkles موضة new drop موضة,45,0,arabic,arabic,False,9
IG_000475,Instagram,trendwave,U100474,False,347521,https://instagram.com/p/1474,https://cdn.example.com/img/475.jpg,هذا الفستان رائع ✨ #موضة,['موضة'],[],ar,"Dubai, UAE",vintage,2026-05-13T04:18:00Z,36060,1466,2026-06-07T12:00:00Z,synthetic Instagram-like dataset,موضة,1,هذا الفستان رائع ✨ #موضة موضة,هذا الفستان رائع  sparkles  #موضة موضة,1,هذا الفستان راي ع sparkles موضة موضة,36,0,arabic,arabic,False,7
IG_000476,Instagram,fashionhub,U100475,False,412725,https://instagram.com/p/1475,https://cdn.example.com/img/476.jpg,Summer linen set is everything! Visit https://bit.ly/look @zara,[],[],en,"London, UK",sportswear,2026-05-13T04:55:00Z,35596,2199,2026-06-07T12:00:00Z,synthetic Instagram-like dataset,,0,Summer linen set is everything! Visit https://bit.ly/look @zara,Summer linen set is everything! Visit https://bit.ly/look @zara,0,summer linen set is everything visit,36,0,english,english,False,6
IG_000477,Instagram,fashionhub,U100476,False,174074,https://instagram.com/p/1476,https://cdn.example.com/img/477.jpg,J'adore cette robe élégante ✨ #mode,['mode'],[],fr,"Paris, France",luxury,2026-05-13T05:32:00Z,49331,2532,2026-06-07T12:00:00Z,synthetic Instagram-like dataset,mode,1,J'adore cette robe élégante ✨ #mode mode,J'adore cette robe élégante  sparkles  #mode mode,1,j adore cette robe e le gante sparkles mode mode,48,0,german,french,False,10
IG_000478,Instagram,trendwave,U100477,True,351216,https://instagram.com/p/1477,https://cdn.example.com/img/478.jpg,Nuevo look para el verano,[],[],es,"Madrid, Spain",luxury,2026-05-13T06:09:00Z,42096,2513,2026-06-07T12:00:00Z,synthetic Instagram-like dataset,,0,Nuevo look para el verano,Nuevo look para el verano,0,nuevo look para el verano,25,0,spanish,spanish,False,5
IG_000479,Instagram,trendwave,U100478,False,200449,https://instagram.com/p/1478,https://cdn.example.com/img/479.jpg,Me encanta este vestido 😍 #moda,['moda'],[],es,"Madrid, Spain",streetwear,2026-05-13T06:46:00Z,25293,1050,2026-06-07T12:00:00Z,synthetic Instagram-like dataset,moda,1,Me encanta este vestido 😍 #moda moda,Me encanta este vestido  smiling_face_with_heart-eyes  #moda moda,1,me encanta este vestido smiling_face_with_heart eyes moda moda,62,0,spanish,spanish,False,8
IG_000480,Instagram,luxuryedit,U100479,False,197086,https://instagram.com/p/1479,https://cdn.example.com/img/480.jpg,,[],[],es,"Madrid, Spain",vintage,2026-05-13T07:23:00Z,29205,1993,2026-06-07T12:00:00Z,synthetic Instagram-like dataset,,0,,,0,,0,0,unknown,spanish,False,0
IG_000481,Instagram,fashionhub,U100480,False,43672,https://instagram.com/p/1480,https://cdn.example.com/img/481.jpg,Summer linen set is everything! Visit https://bit.ly/look @zara,[],[],en,"London, UK",luxury,2026-05-13T08:00:00Z,35261,2184,2026-06-07T12:00:00Z,synthetic Instagram-like dataset,,0,Summer linen set is everything! Visit https://bit.ly/look @zara,Summer linen set is everything! Visit https://bit.ly/look @zara,0,summer linen set is everything visit,36,0,english,english,False,6
IG_000482,Instagram,trendwave,U100481,False,453983,https://instagram.com/p/1481,https://cdn.example.com/img/482.jpg,Love this oversized blazer 😍 #fashion #streetstyle,"['streetstyle', 'fashion']",[],en,"London, UK",streetwear,2026-05-13T08:37:00Z,13477,2202,2026-06-07T12:00:00Z,synthetic Instagram-like dataset,streetstyle fashion,2,Love this oversized blazer 😍 #fashion #streetstyle streetstyle fashion,Love this oversized blazer  smiling_face_with_heart-eyes  #fashion #streetstyle streetstyle fashion,1,love this oversized blazer smiling_face_with_heart eyes fashion streetstyle streetstyle fashion,95,0,english,english,False,10
IG_000483,Instagram,style_daily,U100482,False,81111,https://instagram.com/p/1482,https://cdn.example.com/img/483.jpg,Love these shoes ❤️ أحب هذا التصميم,[],['zara'],mixed_en_ar,"Doha, Qatar",casual,2026-05-13T09:14:00Z,21744,155,2026-06-07T12:00:00Z,synthetic Instagram-like dataset,,0,Love these shoes ❤️ أحب هذا التصميم zara,Love these shoes  red_heart  أحب هذا التصميم zara,1,love these shoes red_heart ا حب هذا التصميم zara,48,1,english,mixed,True,9
IG_000484,Instagram,urbanlook,U100483,False,301945,https://instagram.com/p/1483,https://cdn.example.com/img/484.jpg,,[],[],en,"London, UK",modest,2026-05-13T09:51:00Z,26719,1589,2026-06-07T12:00:00Z,synthetic Instagram-like dataset,,0,,,0,,0,0,unknown,english,False,0
IG_000485,Instagram,style_daily,U100484,False,62526,https://instagram.com/p/1484,https://cdn.example.com/img/485.jpg,Nouvelle collection &amp; disponible,[],[],fr,"Paris, France",casual,2026-05-13T10:28:00Z,47209,2532,2026-06-07T12:00:00Z,synthetic Instagram-like dataset,,0,Nouvelle collection &amp; disponible,Nouvelle collection &amp; disponible,0,nouvelle collection disponible,30,0,french,french,False,3
IG_000486,Instagram,style_daily,U100485,False,264131,https://instagram.com/p/1485,https://cdn.example.com/img/486.jpg,Love this oversized blazer 😍 #fashion #streetstyle,"['streetstyle', 'fashion']",['zara'],en,"London, UK",casual,2026-05-13T11:05:00Z,19754,2484,2026-06-07T12:00:00Z,synthetic Instagram-like dataset,streetstyle fashion,2,Love this oversized blazer 😍 #fashion #streetstyle streetstyle fashion zara,Love this oversized blazer  smiling_face_with_heart-eyes  #fashion #streetstyle streetstyle fashion zara,1,love this oversized blazer smiling_face_with_heart eyes fashion streetstyle streetstyle fashion zara,100,1,english,english,False,11
IG_000487,Instagram,modest.style,U100486,False,431528,https://instagram.com/p/1486,https://cdn.example.com/img/487.jpg,Summer linen set is everything! Visit https://bit.ly/look @zara,[],[],en,"London, UK",sportswear,2026-05-13T11:42:00Z,10249,2185,2026-06-07T12:00:00Z,synthetic Instagram-like dataset,,0,Summer linen set is everything! Visit https://bit.ly/look @zara,Summer linen set is everything! Visit https://bit.ly/look @zara,0,summer linen set is everything visit,36,0,english,english,False,6
IG_000488,Instagram,luxuryedit,U100487,False,332922,https://instagram.com/p/1487,https://cdn.example.com/img/488.jpg,یہ عبایا بہت خوبصورت ہے 😍 #fashion,['fashion'],['zara'],ur,"Lahore, Pakistan",casual,2026-05-13T12:19:00Z,47802,2653,2026-06-07T12:00:00Z,synthetic Instagram-like dataset,fashion,1,یہ عبایا بہت خوبصورت ہے 😍 #fashion fashion zara,یہ عبایا بہت خوبصورت ہے  smiling_face_with_heart-eyes  #fashion fashion zara,1,یہ عبایا بہت خوبصورت ہے smiling_face_with_heart eyes fashion fashion zara,73,1,english,urdu,False,10
IG_000489,Instagram,luxuryedit,U100488,False,22401,https://instagram.com/p/1488,https://cdn.example.com/img/489.jpg,هذا الفستان رائع ✨ #موضة,['موضة'],['zara'],ar,"Dubai, UAE",vintage,2026-05-13T12:56:00Z,25831,2200,2026-06-07T12:00:00Z,synthetic Instagram-like dataset,موضة,1,هذا الفستان رائع ✨ #موضة موضة zara,هذا الفستان رائع  sparkles  #موضة موضة zara,1,هذا الفستان راي ع sparkles موضة موضة zara,41,1,arabic,arabic,False,8
IG_000490,Instagram,trendwave,U100489,False,381100,https://instagram.com/p/1489,https://cdn.example.com/img/490.jpg,Me encanta este vestido 😍 #moda,['moda'],[],es,"Madrid, Spain",sportswear,2026-05-13T13:33:00Z,42336,2099,2026-06-07T12:00:00Z,synthetic Instagram-like dataset,moda,1,Me encanta este vestido 😍 #moda moda,Me encanta este vestido  smiling_face_with_heart-eyes  #moda moda,1,me encanta este vestido smiling_face_with_heart eyes moda moda,62,0,spanish,spanish,False,8
IG_000491,Instagram,luxuryedit,U100490,False,102382,https://instagram.com/p/1490,https://cdn.example.com/img/491.jpg,"یہ عبایا بہت خوبصورت ہے 😍 #fashion
New drop!!",['fashion'],['zara'],ur,"Lahore, Pakistan",casual,2026-05-13T14:10:00Z,37183,222,2026-06-07T12:00:00Z,synthetic Instagram-like dataset,fashion,1,یہ عبایا بہت خوبصورت ہے 😍 #fashion New drop!! fashion zara,یہ عبایا بہت خوبصورت ہے  smiling_face_with_heart-eyes  #fashion New drop!! fashion zara,1,یہ عبایا بہت خوبصورت ہے smiling_face_with_heart eyes fashion new drop fashion zara,82,1,english,urdu,False,12
IG_000492,Instagram,style_daily,U100491,False,35817,https://instagram.com/p/1491,https://cdn.example.com/img/492.jpg,Love these shoes ❤️ أحب هذا التصميم,[],['zara'],mixed_en_ar,"Doha, Qatar",luxury,2026-05-13T14:47:00Z,47557,2378,2026-06-07T12:00:00Z,synthetic Instagram-like dataset,,0,Love these shoes ❤️ أحب هذا التصميم zara,Love these shoes  red_heart  أحب هذا التصميم zara,1,love these shoes red_heart ا حب هذا التصميم zara,48,1,english,mixed,True,9
IG_000493,Instagram,trendwave,U100492,False,52952,https://instagram.com/p/1492,https://cdn.example.com/img/493.jpg,Nouvelle collection &amp; disponible,[],['zara'],fr,"Paris, France",streetwear,2026-05-13T15:24:00Z,12686,1301,2026-06-07T12:00:00Z,synthetic Instagram-like dataset,,0,Nouvelle collection &amp; disponible zara,Nouvelle collection &amp; disponible zara,0,nouvelle collection disponible zara,35,1,french,french,False,4
IG_000494,Instagram,trendwave,U100493,False,306773,https://instagram.com/p/1493,https://cdn.example.com/img/494.jpg,Nouvelle collection &amp; disponible,[],['zara'],fr,"Paris, France",vintage,2026-05-13T16:01:00Z,23892,1295,2026-06-07T12:00:00Z,synthetic Instagram-like dataset,,0,Nouvelle collection &amp; disponible zara,Nouvelle collection &amp; disponible zara,0,nouvelle collection disponible zara,35,1,french,french,False,4
IG_000495,Instagram,fashionhub,U100494,False,373897,https://instagram.com/p/1494,https://cdn.example.com/img/495.jpg,,[],[],fr,"Paris, France",sportswear,2026-05-13T16:38:00Z,18137,1472,2026-06-07T12:00:00Z,synthetic Instagram-like dataset,,0,,,0,,0,0,unknown,french,False,0
IG_000496,Instagram,modest.style,U100495,False,406701,https://instagram.com/p/1495,https://cdn.example.com/img/496.jpg,مجھے یہ لباس بہت پسند آیا,[],[],ur,"Lahore, Pakistan",vintage,2026-05-13T17:15:00Z,7137,719,2026-06-07T12:00:00Z,synthetic Instagram-like dataset,,0,مجھے یہ لباس بہت پسند آیا,مجھے یہ لباس بہت پسند آیا,0,مجھے یہ لباس بہت پسند ا یا,26,0,urdu,urdu,False,7
IG_000497,Instagram,fashionhub,U100496,False,103486,https://instagram.com/p/1496,https://cdn.example.com/img/497.jpg,Love this outfit ❤️ مجھے یہ look بہت پسند آیا,[],['zara'],mixed_en_ur,"Manchester, UK",casual,2026-05-13T17:52:00Z,5016,2979,2026-06-07T12:00:00Z,synthetic Instagram-like dataset,,0,Love this outfit ❤️ مجھے یہ look بہت پسند آیا zara,Love this outfit  red_heart  مجھے یہ look بہت پسند آیا zara,1,love this outfit red_heart مجھے یہ look بہت پسند ا یا zara,58,1,english,mixed,True,12
IG_000498,Instagram,trendwave,U100497,True,305578,https://instagram.com/p/1497,https://cdn.example.com/img/498.jpg,Love this oversized blazer 😍 #fashion #streetstyle,"['streetstyle', 'fashion']",[],en,"London, UK",vintage,2026-05-13T18:29:00Z,13948,150,2026-06-07T12:00:00Z,synthetic Instagram-like dataset,streetstyle fashion,2,Love this oversized blazer 😍 #fashion #streetstyle streetstyle fashion,Love this oversized blazer  smiling_face_with_heart-eyes  #fashion #streetstyle streetstyle fashion,1,love this oversized blazer smiling_face_with_heart eyes fashion streetstyle streetstyle fashion,95,0,english,english,False,10
IG_000499,Instagram,luxuryedit,U100498,False,406926,https://instagram.com/p/1498,https://cdn.example.com/img/499.jpg,Nuevo look para el verano,[],['zara'],es,"Madrid, Spain",sportswear,2026-05-13T19:06:00Z,14639,2415,2026-06-07T12:00:00Z,synthetic Instagram-like dataset,,0,Nuevo look para el verano zara,Nuevo look para el verano zara,0,nuevo look para el verano zara,30,1,spanish,spanish,False,6
IG_000500,Instagram,luxuryedit,U100499,False,208529,https://instagram.com/p/1499,https://cdn.example.com/img/500.jpg,Weekend vibes 😍 یہ رنگ بہت خوبصورت ہے     ,[],[],mixed_en_ur,"Manchester, UK",streetwear,2026-05-13T19:43:00Z,43434,978,2026-06-07T12:00:00Z,synthetic Instagram-like dataset,,0,Weekend vibes 😍 یہ رنگ بہت خوبصورت ہے,Weekend vibes  smiling_face_with_heart-eyes  یہ رنگ بہت خوبصورت ہے,1,weekend vibes smiling_face_with_heart eyes یہ رنگ بہت خوبصورت ہے,64,0,english,mixed,True,9
