post_id,clean_text,fashion_category,primary_language,is_multilingual,location,profile_verified,profile_followers,likes,comments,engagement_score,likes_per_follower,comment_like_ratio,engagement_level,word_count,emoji_count,hashtag_count,mention_count,text_length,year,month,day,hour,weekday,is_weekend
IG_000001,,casual,mixed,True,"Manchester, UK",False,73658,48545,2233,50778,0.6590504894174507,0.045997610513739545,High,0,0,0,0,0,2026,5,1,0,Friday,False
IG_000002,,vintage,english,False,"London, UK",False,265451,13036,2932,15968,0.04910869008332957,0.2248983661885403,Medium,0,0,0,0,0,2026,5,1,0,Friday,False
IG_000003,weekend vibes smiling_face_with_heart eyes یہ رنگ بہت خوبصورت ہے zara,luxury,mixed,True,"Manchester, UK",False,456263,45758,1731,47489,0.10028842950572475,0.03782862387727005,High,10,1,0,1,69,2026,5,1,1,Friday,False
IG_000004,ا حب هذا اللوك كثيرا zara,modest,arabic,False,"Dubai, UAE",False,199691,39570,1083,40653,0.19815515894477495,0.027368527456976068,High,6,0,0,1,25,2026,5,1,1,Friday,False
IG_000005,amazing style fire هذا اللوك راي ع,vintage,mixed,True,"Doha, Qatar",False,484048,19218,2574,21792,0.03970259209294927,0.13392996513866487,Low,7,1,0,0,34,2026,5,1,2,Friday,False
IG_000006,nuevo look para el verano zara,modest,spanish,False,"Madrid, Spain",True,347192,5234,953,6187,0.015075188727883338,0.18204393505253105,Low,6,0,0,1,30,2026,5,1,3,Friday,False
IG_000007,amazing style fire هذا اللوك راي ع zara,modest,mixed,True,"Doha, Qatar",False,191777,13735,2745,16480,0.07161926811208794,0.19983983692486895,Medium,8,1,0,1,39,2026,5,1,3,Friday,False
IG_000008,هذا الفستان راي ع sparkles موضة موضة zara,sportswear,arabic,False,"Dubai, UAE",False,128851,17696,2621,20317,0.13733585819389688,0.148104198451715,High,8,1,1,1,41,2026,5,1,4,Friday,False
IG_000009,love this outfit red_heart مجھے یہ look بہت پسند ا یا,sportswear,mixed,True,"Manchester, UK",False,17329,17551,271,17822,1.0127524523946914,0.015439835916134913,High,11,1,0,0,53,2026,5,1,4,Friday,False
IG_000010,مجھے یہ لباس بہت پسند ا یا,luxury,urdu,False,"Lahore, Pakistan",False,479986,17364,571,17935,0.036175979766118666,0.03288223437949899,Low,7,0,0,0,26,2026,5,1,5,Friday,False
IG_000011,مجھے یہ لباس بہت پسند ا یا,luxury,urdu,False,"Lahore, Pakistan",False,209900,33397,2021,35418,0.1591083415514933,0.06051260554524223,High,7,0,0,0,26,2026,5,1,6,Friday,False
IG_000012,love this oversized blazer smiling_face_with_heart eyes fashion streetstyle streetstyle fashion,vintage,english,False,"London, UK",False,415777,4168,1576,5744,0.010024580425130719,0.3780283041496762,Low,10,1,2,0,95,2026,5,1,6,Friday,False
IG_000013,nouvelle collection disponible,streetwear,french,False,"Paris, France",False,6519,44681,2199,46880,6.852914110429448,0.04921444877131731,High,3,0,0,0,30,2026,5,1,7,Friday,False
IG_000014,love these shoes red_heart ا حب هذا التصميم zara,streetwear,mixed,True,"Doha, Qatar",False,228442,47328,2947,50275,0.2071764072438201,0.062266263812884276,High,9,1,0,1,48,2026,5,1,8,Friday,False
IG_000015,هذا الفستان راي ع sparkles موضة موضة,vintage,arabic,False,"Dubai, UAE",False,156971,39914,814,40728,0.25427464770787145,0.020393335838657146,High,7,1,1,0,36,2026,5,1,8,Friday,False
IG_000016,مجھے یہ لباس بہت پسند ا یا,streetwear,urdu,False,"Lahore, Pakistan",False,484121,39257,1327,40584,0.08108906432676061,0.03380202761220643,Medium,7,0,0,0,26,2026,5,1,9,Friday,False
IG_000017,j adore cette robe e le gante sparkles mode mode,luxury,french,False,"Paris, France",False,436532,3801,986,4787,0.00870724550034018,0.2593371909521305,Low,10,1,1,0,48,2026,5,1,9,Friday,False
IG_000018,me encanta este vestido smiling_face_with_heart eyes moda moda,luxury,spanish,False,"Madrid, Spain",False,399274,8419,2702,11121,0.021085717863627826,0.3209026128266033,Low,8,1,1,0,62,2026,5,1,10,Friday,False
IG_000019,j adore cette robe e le gante sparkles mode mode,casual,french,False,"Paris, France",False,111543,45216,823,46039,0.40536469913218104,0.018201119048145607,High,10,1,1,0,48,2026,5,1,11,Friday,False
IG_000020,weekend vibes smiling_face_with_heart eyes یہ رنگ بہت خوبصورت ہے,sportswear,mixed,True,"Manchester, UK",False,230190,7935,1015,8950,0.03447137377221525,0.12789818548387097,Low,9,1,0,0,64,2026,5,1,11,Friday,False
IG_000021,یہ عبایا بہت خوبصورت ہے smiling_face_with_heart eyes fashion fashion zara,streetwear,urdu,False,"Lahore, Pakistan",False,309012,46394,2584,48978,0.15013607841741286,0.055695656859575386,High,10,1,1,1,73,2026,5,1,12,Friday,False
IG_000022,,modest,english,False,"London, UK",False,37649,43847,1988,45835,1.1645949535192563,0.04533844189016603,High,0,0,0,0,0,2026,5,1,12,Friday,False
IG_000023,یہ عبایا بہت خوبصورت ہے smiling_face_with_heart eyes fashion fashion,sportswear,urdu,False,"Lahore, Pakistan",False,127900,12483,386,12869,0.09759892416791112,0.030919577058635052,High,9,1,1,0,68,2026,5,1,13,Friday,False
IG_000024,summer linen set is everything visit zara,casual,english,False,"London, UK",False,382745,42353,403,42756,0.11065563062709996,0.009515039901780233,High,7,0,0,1,41,2026,5,1,14,Friday,False
IG_000025,summer linen set is everything visit,luxury,english,False,"London, UK",False,100224,27653,751,28404,0.2759092042903467,0.027157011643885152,High,6,0,0,0,36,2026,5,1,14,Friday,False
IG_000026,ا حب هذا اللوك كثيرا,streetwear,arabic,False,"Dubai, UAE",False,452094,3320,2671,5991,0.007343589289861644,0.8042758205359831,Low,5,0,0,0,20,2026,5,1,15,Friday,False
IG_000027,me encanta este vestido smiling_face_with_heart eyes moda moda,sportswear,spanish,False,"Madrid, Spain",False,255115,3847,674,4521,0.015079414854419167,0.17515592515592515,Low,8,1,1,0,62,2026,5,1,16,Friday,False
IG_000028,j adore cette robe e le gante sparkles mode mode,sportswear,french,False,"Paris, France",False,412133,45656,2992,48648,0.11077950375363353,0.06553211993779705,High,10,1,1,0,48,2026,5,1,16,Friday,False
IG_000029,love these shoes red_heart ا حب هذا التصميم,vintage,mixed,True,"Doha, Qatar",False,31162,3999,1284,5283,0.12832525751692714,0.321,High,8,1,0,0,43,2026,5,1,17,Friday,False
IG_000030,love this oversized blazer smiling_face_with_heart eyes fashion streetstyle streetstyle fashion zara,vintage,english,False,"London, UK",False,278963,5255,761,6016,0.01883755610042873,0.1447869101978691,Low,11,1,2,1,100,2026,5,1,17,Friday,False
IG_000031,love this oversized blazer smiling_face_with_heart eyes fashion streetstyle streetstyle fashion,luxury,english,False,"London, UK",False,494167,37945,2435,40380,0.07678562755985818,0.06417013650977706,Medium,10,1,2,0,95,2026,5,1,18,Friday,False
IG_000032,love this oversized blazer smiling_face_with_heart eyes fashion streetstyle streetstyle fashion,luxury,english,False,"London, UK",False,166368,43896,2933,46829,0.26384723115484254,0.0668154999202679,High,10,1,2,0,95,2026,5,1,19,Friday,False
IG_000033,هذا الفستان راي ع sparkles موضة موضة,streetwear,arabic,False,"Dubai, UAE",False,157784,615,1877,2492,0.003897708907690845,3.0470779220779223,Low,7,1,1,0,36,2026,5,1,19,Friday,False
IG_000034,,streetwear,spanish,False,"Madrid, Spain",False,69945,16014,1513,17527,0.2289480456352043,0.09447393068997814,High,0,0,0,0,0,2026,5,1,20,Friday,False
IG_000035,هذا الفستان راي ع sparkles موضة موضة,casual,arabic,False,"Dubai, UAE",False,321195,34669,32,34701,0.10793720967882539,0.0009229881742140179,High,7,1,1,0,36,2026,5,1,20,Friday,False
IG_000036,weekend vibes smiling_face_with_heart eyes یہ رنگ بہت خوبصورت ہے zara,streetwear,mixed,True,"Manchester, UK",False,70907,48660,2266,50926,0.6862413267896429,0.04656706602823617,High,10,1,0,1,69,2026,5,1,21,Friday,False
IG_000037,مجھے یہ لباس بہت پسند ا یا,modest,urdu,False,"Lahore, Pakistan",False,107243,33127,2001,35128,0.30889373764499645,0.060402076793045156,High,7,0,0,0,26,2026,5,1,22,Friday,False
IG_000038,هذا الفستان راي ع sparkles موضة موضة zara,luxury,arabic,False,"Dubai, UAE",False,23614,41758,1072,42830,1.768282871056532,0.025671112814004166,High,8,1,1,1,41,2026,5,1,22,Friday,False
IG_000039,مجھے یہ لباس بہت پسند ا یا zara,casual,urdu,False,"Lahore, Pakistan",False,59154,9773,2234,12007,0.16521004141661735,0.2285655821567424,High,8,0,0,1,31,2026,5,1,23,Friday,False
IG_000040,summer linen set is everything visit,streetwear,english,False,"London, UK",False,22430,23454,860,24314,1.0456065266818242,0.03666595608612236,High,6,0,0,0,36,2026,5,2,0,Saturday,True
IG_000041,love this outfit red_heart مجھے یہ look بہت پسند ا یا,vintage,mixed,True,"Manchester, UK",False,464041,49122,633,49755,0.10585679744505885,0.012886020804918267,High,11,1,0,0,53,2026,5,2,0,Saturday,True
IG_000042,یہ عبایا بہت خوبصورت ہے smiling_face_with_heart eyes fashion fashion zara,modest,urdu,False,"Lahore, Pakistan",False,13495,26987,2743,29730,1.9996295198577356,0.10163776493256262,High,10,1,1,1,73,2026,5,2,1,Saturday,True
IG_000043,amazing style fire هذا اللوك راي ع zara,sportswear,mixed,True,"Doha, Qatar",False,457766,14582,817,15399,0.03185463347073948,0.05602413769457588,Low,8,1,0,1,39,2026,5,2,1,Saturday,True
IG_000044,love these shoes red_heart ا حب هذا التصميم zara,modest,mixed,True,"Doha, Qatar",False,346547,18263,284,18547,0.05269977030598936,0.015549715286903198,Medium,9,1,0,1,48,2026,5,2,2,Saturday,True
IG_000045,love these shoes red_heart ا حب هذا التصميم,streetwear,mixed,True,"Doha, Qatar",False,442821,7564,1069,8633,0.017081355488209708,0.1413086582947786,Low,8,1,0,0,43,2026,5,2,3,Saturday,True
IG_000046,,sportswear,urdu,False,"Lahore, Pakistan",False,382467,39733,2094,41827,0.10388581528389303,0.05270045804600594,High,0,0,0,0,0,2026,5,2,3,Saturday,True
IG_000047,summer linen set is everything visit,vintage,english,False,"London, UK",False,372107,35292,2813,38105,0.09484343255183979,0.07970419063270337,High,6,0,0,0,36,2026,5,2,4,Saturday,True
IG_000048,love this outfit red_heart مجھے یہ look بہت پسند ا یا,modest,mixed,True,"Manchester, UK",False,483249,43480,510,43990,0.08997413347128816,0.011729261056553437,Medium,11,1,0,0,53,2026,5,2,4,Saturday,True
IG_000049,weekend vibes smiling_face_with_heart eyes یہ رنگ بہت خوبصورت ہے,vintage,mixed,True,"Manchester, UK",False,211473,8346,785,9131,0.03946584450097884,0.0940457649454894,Low,9,1,0,0,64,2026,5,2,5,Saturday,True
IG_000050,nouvelle collection disponible,streetwear,french,False,"Paris, France",False,158284,19919,1175,21094,0.12584262564361753,0.0589859437751004,High,3,0,0,0,30,2026,5,2,6,Saturday,True
IG_000051,مجھے یہ لباس بہت پسند ا یا,casual,urdu,False,"Lahore, Pakistan",False,244287,14010,2093,16103,0.057350340581608594,0.14938262793519377,Medium,7,0,0,0,26,2026,5,2,6,Saturday,True
IG_000052,j adore cette robe e le gante sparkles mode mode,streetwear,french,False,"Paris, France",False,332343,49231,962,50193,0.1481326577281371,0.019540136496587587,High,10,1,1,0,48,2026,5,2,7,Saturday,True
IG_000053,weekend vibes smiling_face_with_heart eyes یہ رنگ بہت خوبصورت ہے zara,sportswear,mixed,True,"Manchester, UK",False,24729,40065,298,40363,1.6200970481196926,0.007437727749213798,High,10,1,0,1,69,2026,5,2,8,Saturday,True
IG_000054,nouvelle collection disponible,sportswear,french,False,"Paris, France",False,365590,15994,604,16598,0.043748341726136585,0.037761800562675835,Low,3,0,0,0,30,2026,5,2,8,Saturday,True
IG_000055,love this outfit red_heart مجھے یہ look بہت پسند ا یا zara,casual,mixed,True,"Manchester, UK",False,115235,33949,1902,35851,0.2946041167690652,0.056023564064801176,High,12,1,0,1,58,2026,5,2,9,Saturday,True
IG_000056,love this oversized blazer smiling_face_with_heart eyes fashion streetstyle streetstyle fashion,vintage,english,False,"London, UK",False,420673,36634,2438,39072,0.08708406034126188,0.06654838269414494,Medium,10,1,2,0,95,2026,5,2,9,Saturday,True
IG_000057,ا حب هذا اللوك كثيرا,vintage,arabic,False,"Dubai, UAE",False,224235,29228,651,29879,0.13034481528389733,0.02227240069793698,High,5,0,0,0,20,2026,5,2,10,Saturday,True
IG_000058,weekend vibes smiling_face_with_heart eyes یہ رنگ بہت خوبصورت ہے,vintage,mixed,True,"Manchester, UK",False,145891,31763,2567,34330,0.2177158445973734,0.08081475884649289,High,9,1,0,0,64,2026,5,2,11,Saturday,True
IG_000059,مجھے یہ لباس بہت پسند ا یا,vintage,urdu,False,"Lahore, Pakistan",False,142956,5285,566,5851,0.03696915855816784,0.10707529322739312,Low,7,0,0,0,26,2026,5,2,11,Saturday,True
IG_000060,یہ عبایا بہت خوبصورت ہے smiling_face_with_heart eyes fashion fashion,modest,urdu,False,"Lahore, Pakistan",False,34174,35565,1908,37473,1.0406730065837602,0.05364674126975201,High,9,1,1,0,68,2026,5,2,12,Saturday,True
IG_000061,j adore cette robe e le gante sparkles mode new drop mode,casual,french,False,"Paris, France",False,404094,1285,2358,3643,0.0031799453098900012,1.833592534992224,Low,12,1,1,0,57,2026,5,2,13,Saturday,True
IG_000062,,sportswear,french,False,"Paris, France",False,204965,35277,2236,37513,0.17211147214659991,0.06338227790691082,High,0,0,0,0,0,2026,5,2,13,Saturday,True
IG_000063,amazing style fire هذا اللوك راي ع,casual,mixed,True,"Doha, Qatar",False,15717,44513,1656,46169,2.8319760783814734,0.0372017792155277,High,7,1,0,0,34,2026,5,2,14,Saturday,True
IG_000064,love this outfit red_heart مجھے یہ look بہت پسند ا یا zara,sportswear,mixed,True,"Manchester, UK",False,280534,38795,2311,41106,0.1382893400110503,0.059567996700690795,High,12,1,0,1,58,2026,5,2,14,Saturday,True
IG_000065,love this outfit red_heart مجھے یہ look بہت پسند ا یا zara,modest,mixed,True,"Manchester, UK",False,242562,24849,1340,26189,0.10244348890803626,0.053923541247484906,High,12,1,0,1,58,2026,5,2,15,Saturday,True
IG_000066,مجھے یہ لباس بہت پسند ا یا,modest,urdu,False,"Lahore, Pakistan",False,499204,5372,1926,7298,0.010761110165162608,0.35845896147403683,Low,7,0,0,0,26,2026,5,2,16,Saturday,True
IG_000067,love this oversized blazer smiling_face_with_heart eyes fashion streetstyle streetstyle fashion,casual,english,False,"London, UK",False,36475,2643,127,2770,0.07245860291698651,0.04803328290468986,Medium,10,1,2,0,95,2026,5,2,16,Saturday,True
IG_000068,یہ عبایا بہت خوبصورت ہے smiling_face_with_heart eyes fashion fashion,streetwear,urdu,False,"Lahore, Pakistan",False,66676,36965,892,37857,0.5543890696941974,0.02413028188064708,High,9,1,1,0,68,2026,5,2,17,Saturday,True
IG_000069,nouvelle collection disponible,luxury,french,False,"Paris, France",False,392628,20389,442,20831,0.05192942956327729,0.02167729279058362,Medium,3,0,0,0,30,2026,5,2,17,Saturday,True
IG_000070,me encanta este vestido smiling_face_with_heart eyes moda moda,casual,spanish,False,"Madrid, Spain",False,197268,13002,311,13313,0.06591000106453625,0.02391755748673383,Medium,8,1,1,0,62,2026,5,2,18,Saturday,True
IG_000071,me encanta este vestido smiling_face_with_heart eyes moda moda,vintage,spanish,False,"Madrid, Spain",False,315288,2696,1422,4118,0.00855088506100752,0.5272525027808677,Low,8,1,1,0,62,2026,5,2,19,Saturday,True
IG_000072,nuevo look para el verano zara,sportswear,spanish,False,"Madrid, Spain",False,179403,32130,432,32562,0.1790929968116653,0.013444959696243503,High,6,0,0,1,30,2026,5,2,19,Saturday,True
IG_000073,nouvelle collection disponible zara,vintage,french,False,"Paris, France",False,228820,42633,1106,43739,0.18631594128161313,0.02594173664211662,High,4,0,0,1,35,2026,5,2,20,Saturday,True
IG_000074,nuevo look para el verano,streetwear,spanish,False,"Madrid, Spain",False,169480,18284,1846,20130,0.10788229949079838,0.10095706863549357,High,5,0,0,0,25,2026,5,2,21,Saturday,True
IG_000075,مجھے یہ لباس بہت پسند ا یا,modest,urdu,False,"Lahore, Pakistan",False,15547,11922,1997,13919,0.7667867249807049,0.16749140317034303,High,7,0,0,0,26,2026,5,2,21,Saturday,True
IG_000076,مجھے یہ لباس بہت پسند ا یا,modest,urdu,False,"Lahore, Pakistan",False,313056,36429,41,36470,0.11636539032827888,0.0011254460609387868,High,7,0,0,0,26,2026,5,2,22,Saturday,True
IG_000077,me encanta este vestido smiling_face_with_heart eyes moda moda,casual,spanish,False,"Madrid, Spain",False,291572,31206,2645,33851,0.10702637075449373,0.08475662511615983,High,8,1,1,0,62,2026,5,2,22,Saturday,True
IG_000078,weekend vibes smiling_face_with_heart eyes یہ رنگ بہت خوبصورت ہے,luxury,mixed,True,"Manchester, UK",True,116680,20072,2719,22791,0.17202457983733427,0.13545558710705924,High,9,1,0,0,64,2026,5,2,23,Saturday,True
IG_000079,nuevo look para el verano,modest,spanish,False,"Madrid, Spain",False,391584,46067,1858,47925,0.11764240203276428,0.040331683598159244,High,5,0,0,0,25,2026,5,3,0,Sunday,True
IG_000080,ا حب هذا اللوك كثيرا zara,vintage,arabic,False,"Dubai, UAE",False,165938,49955,2826,52781,0.3010443596743382,0.05656978140763872,High,6,0,0,1,25,2026,5,3,0,Sunday,True
IG_000081,یہ عبایا بہت خوبصورت ہے smiling_face_with_heart eyes fashion fashion,vintage,urdu,False,"Lahore, Pakistan",False,309613,39116,1159,40275,0.12633795629396605,0.029629061533348672,High,9,1,1,0,68,2026,5,3,1,Sunday,True
IG_000082,love this oversized blazer smiling_face_with_heart eyes fashion streetstyle streetstyle fashion,luxury,english,False,"London, UK",False,7917,17982,186,18168,2.2710280373831777,0.01034310181838403,High,10,1,2,0,95,2026,5,3,1,Sunday,True
IG_000083,summer linen set is everything visit,streetwear,english,False,"London, UK",False,395179,37626,1164,38790,0.09521230831519814,0.0309352326786616,Medium,6,0,0,0,36,2026,5,3,2,Sunday,True
IG_000084,nouvelle collection disponible,sportswear,french,False,"Paris, France",False,132871,7481,267,7748,0.056302305978686254,0.035685645549318364,Medium,3,0,0,0,30,2026,5,3,3,Sunday,True
IG_000085,zara,vintage,french,False,"Paris, France",False,80048,19917,348,20265,0.2488101038114155,0.017471633698162466,High,1,0,0,1,4,2026,5,3,3,Sunday,True
IG_000086,یہ عبایا بہت خوبصورت ہے smiling_face_with_heart eyes fashion fashion,vintage,urdu,False,"Lahore, Pakistan",False,415075,24933,1845,26778,0.060068517572685484,0.07399534771797546,Medium,9,1,1,0,68,2026,5,3,4,Sunday,True
IG_000087,nouvelle collection disponible zara,casual,french,False,"Paris, France",False,326097,6508,851,7359,0.01995719078313881,0.13074204946996468,Low,4,0,0,1,35,2026,5,3,5,Sunday,True
IG_000088,love this outfit red_heart مجھے یہ look بہت پسند ا یا,luxury,mixed,True,"Manchester, UK",False,91628,180,1673,1853,0.0019644435713584126,9.243093922651934,Low,11,1,0,0,53,2026,5,3,5,Sunday,True
IG_000089,nouvelle collection disponible,sportswear,french,False,"Paris, France",False,148725,4669,2815,7484,0.031393300431666285,0.6027837259100642,Medium,3,0,0,0,30,2026,5,3,6,Sunday,True
IG_000090,مجھے یہ لباس بہت پسند ا یا,sportswear,urdu,False,"Lahore, Pakistan",False,421978,7526,2230,9756,0.0178350107469803,0.2962667729507108,Low,7,0,0,0,26,2026,5,3,6,Sunday,True
IG_000091,یہ عبایا بہت خوبصورت ہے smiling_face_with_heart eyes fashion fashion,vintage,urdu,False,"Lahore, Pakistan",True,87491,49088,2331,51419,0.5610570109267133,0.047485179979221415,High,9,1,1,0,68,2026,5,3,7,Sunday,True
IG_000092,ا حب هذا اللوك كثيرا,vintage,arabic,False,"Dubai, UAE",False,211530,35393,2022,37415,0.16731826540790712,0.05712832683505679,High,5,0,0,0,20,2026,5,3,8,Sunday,True
IG_000093,j adore cette robe e le gante sparkles mode mode zara,streetwear,french,False,"Paris, France",False,317019,15007,2761,17768,0.04733770740016403,0.1839685501066098,Medium,11,1,1,1,53,2026,5,3,8,Sunday,True
IG_000094,amazing style fire هذا اللوك راي ع zara,luxury,mixed,True,"Doha, Qatar",False,302619,30839,2125,32964,0.10190668164694996,0.06890402075226978,High,8,1,0,1,39,2026,5,3,9,Sunday,True
IG_000095,weekend vibes smiling_face_with_heart eyes یہ رنگ بہت خوبصورت ہے,sportswear,mixed,True,"Manchester, UK",False,229029,5984,1925,7909,0.026127581539536305,0.3216374269005848,Low,9,1,0,0,64,2026,5,3,9,Sunday,True
IG_000096,ا حب هذا اللوك كثيرا,casual,arabic,False,"Dubai, UAE",False,84818,32476,1180,33656,0.38288590999658095,0.03633340517904979,High,5,0,0,0,20,2026,5,3,10,Sunday,True
IG_000097,weekend vibes smiling_face_with_heart eyes یہ رنگ بہت خوبصورت ہے,modest,mixed,True,"Manchester, UK",True,46668,7602,1655,9257,0.16289185540722964,0.21767723267131395,High,9,1,0,0,64,2026,5,3,11,Sunday,True
IG_000098,amazing style fire هذا اللوك راي ع zara,modest,mixed,True,"Doha, Qatar",False,28918,40809,2041,42850,1.4111483799578133,0.050012251899044353,High,8,1,0,1,39,2026,5,3,11,Sunday,True
IG_000099,weekend vibes smiling_face_with_heart eyes یہ رنگ بہت خوبصورت ہے,sportswear,mixed,True,"Manchester, UK",False,69188,45765,1985,47750,0.6614490742748125,0.04337280950924267,High,9,1,0,0,64,2026,5,3,12,Sunday,True
IG_000100,love this oversized blazer smiling_face_with_heart eyes fashion streetstyle streetstyle fashion zara,vintage,english,False,"London, UK",False,372630,901,2262,3163,0.0024179416097962862,2.507760532150776,Low,11,1,2,1,100,2026,5,3,13,Sunday,True
IG_000101,j adore cette robe e le gante sparkles mode mode,luxury,french,False,"Paris, France",False,62086,32666,2935,35601,0.526132684781033,0.08984602197936756,High,10,1,1,0,48,2026,5,3,13,Sunday,True
IG_000102,ا حب هذا اللوك كثيرا,luxury,arabic,False,"Dubai, UAE",False,128285,25143,780,25923,0.19599176839249802,0.03102131721285396,High,5,0,0,0,20,2026,5,3,14,Sunday,True
IG_000103,me encanta este vestido smiling_face_with_heart eyes moda moda,vintage,spanish,False,"Madrid, Spain",False,448458,17514,10,17524,0.03905373735391641,0.0005709391949757351,Low,8,1,1,0,62,2026,5,3,14,Sunday,True
IG_000104,ا حب هذا اللوك كثيرا,sportswear,arabic,False,"Dubai, UAE",False,257212,35301,1983,37284,0.13724422949073337,0.05617245481842389,High,5,0,0,0,20,2026,5,3,15,Sunday,True
IG_000105,ا حب هذا اللوك كثيرا,luxury,arabic,False,"Dubai, UAE",False,489583,45716,978,46694,0.0933772345501487,0.021392479821510598,Medium,5,0,0,0,20,2026,5,3,16,Sunday,True
IG_000106,nuevo look para el verano,sportswear,spanish,False,"Madrid, Spain",True,390939,25307,2718,28025,0.06473371872921677,0.1073968705547653,Medium,5,0,0,0,25,2026,5,3,16,Sunday,True
IG_000107,amazing style fire هذا اللوك راي ع,streetwear,mixed,True,"Doha, Qatar",False,309924,28860,408,29268,0.09311930305719125,0.01413672429922733,Medium,7,1,0,0,34,2026,5,3,17,Sunday,True
IG_000108,,streetwear,spanish,False,"Madrid, Spain",False,343793,30773,1085,31858,0.08950999726580453,0.03525703515955027,Medium,0,0,0,0,0,2026,5,3,17,Sunday,True
IG_000109,ا حب هذا اللوك كثيرا,modest,arabic,False,"Dubai, UAE",False,451042,41082,2943,44025,0.09108222497633263,0.07163546965898303,Medium,5,0,0,0,20,2026,5,3,18,Sunday,True
IG_000110,love these shoes red_heart ا حب هذا التصميم,modest,mixed,True,"Doha, Qatar",False,123587,14913,370,15283,0.12066705505388872,0.024808904385141477,High,8,1,0,0,43,2026,5,3,19,Sunday,True
IG_000111,j adore cette robe e le gante sparkles mode mode zara,modest,french,False,"Paris, France",False,233115,1902,188,2090,0.008159028123337738,0.09879138202837624,Low,11,1,1,1,53,2026,5,3,19,Sunday,True
IG_000112,هذا الفستان راي ع sparkles موضة موضة,vintage,arabic,False,"Dubai, UAE",False,128529,44687,737,45424,0.347677584999611,0.016492123165055494,High,7,1,1,0,36,2026,5,3,20,Sunday,True
IG_000113,,vintage,urdu,False,"Lahore, Pakistan",False,126764,9384,951,10335,0.07402674239734942,0.1013319126265317,Medium,0,0,0,0,0,2026,5,3,21,Sunday,True
IG_000114,nouvelle collection disponible,modest,french,False,"Paris, France",True,422359,44412,2238,46650,0.10515200303059002,0.050390651385855495,High,3,0,0,0,30,2026,5,3,21,Sunday,True
IG_000115,یہ عبایا بہت خوبصورت ہے smiling_face_with_heart eyes fashion fashion,sportswear,urdu,False,"Lahore, Pakistan",False,157342,45245,1024,46269,0.2875564848769885,0.022631834858330018,High,9,1,1,0,68,2026,5,3,22,Sunday,True
IG_000116,nouvelle collection disponible new drop zara,vintage,french,False,"Paris, France",False,56417,23529,2354,25883,0.417047750717856,0.10004249893752656,High,6,0,0,1,44,2026,5,3,22,Sunday,True
IG_000117,,casual,arabic,False,"Dubai, UAE",False,4745,48807,200,49007,10.283817951959545,0.004097688903458449,High,0,0,0,0,0,2026,5,3,23,Sunday,True
IG_000118,nuevo look para el verano,modest,spanish,False,"Madrid, Spain",False,121148,14357,2607,16964,0.11850696250072225,0.18157124947764314,High,5,0,0,0,25,2026,5,4,0,Monday,False
IG_000119,مجھے یہ لباس بہت پسند ا یا,casual,urdu,False,"Lahore, Pakistan",False,357464,6372,2570,8942,0.017825521379715496,0.40326376902557665,Low,7,0,0,0,26,2026,5,4,0,Monday,False
IG_000120,love this outfit red_heart مجھے یہ look بہت پسند ا یا,streetwear,mixed,True,"Manchester, UK",True,191792,19345,1338,20683,0.10086395228188724,0.06916158378993073,High,11,1,0,0,53,2026,5,4,1,Monday,False
IG_000121,weekend vibes smiling_face_with_heart eyes یہ رنگ بہت خوبصورت ہے new drop,vintage,mixed,True,"Manchester, UK",False,460017,32890,1116,34006,0.0714972022833889,0.033930254476908575,Medium,11,1,0,0,73,2026,5,4,2,Monday,False
IG_000122,amazing style fire هذا اللوك راي ع,modest,mixed,True,"Doha, Qatar",False,155239,7552,1918,9470,0.04864725586189127,0.25393883225208524,Medium,7,1,0,0,34,2026,5,4,2,Monday,False
IG_000123,love this oversized blazer smiling_face_with_heart eyes fashion streetstyle streetstyle fashion,sportswear,english,False,"London, UK",False,380198,36529,1498,38027,0.0960786325056089,0.041007391185327126,High,10,1,2,0,95,2026,5,4,3,Monday,False
IG_000124,,casual,english,False,"London, UK",False,193745,17186,2394,19580,0.08870376678744335,0.13929132483854076,High,0,0,0,0,0,2026,5,4,3,Monday,False
IG_000125,nouvelle collection disponible,vintage,french,False,"Paris, France",False,325320,21501,2498,23999,0.06609164486768453,0.11617523951260347,Medium,3,0,0,0,30,2026,5,4,4,Monday,False
IG_000126,یہ عبایا بہت خوبصورت ہے smiling_face_with_heart eyes fashion fashion,streetwear,urdu,False,"Lahore, Pakistan",False,158934,9165,185,9350,0.057665083210117346,0.020183286057167793,Medium,9,1,1,0,68,2026,5,4,5,Monday,False
IG_000127,summer linen set is everything visit,sportswear,english,False,"London, UK",True,465679,29734,1519,31253,0.06385071293592166,0.05108458046073651,Medium,6,0,0,0,36,2026,5,4,5,Monday,False
IG_000128,weekend vibes smiling_face_with_heart eyes یہ رنگ بہت خوبصورت ہے,sportswear,mixed,True,"Manchester, UK",False,218018,40352,1671,42023,0.18508478618835972,0.04140956062746264,High,9,1,0,0,64,2026,5,4,6,Monday,False
IG_000129,هذا الفستان راي ع sparkles موضة موضة zara,modest,arabic,False,"Dubai, UAE",False,498864,6516,2808,9324,0.013061649945376003,0.4308731011201473,Low,8,1,1,1,41,2026,5,4,6,Monday,False
IG_000130,,sportswear,arabic,False,"Dubai, UAE",False,64546,6012,2714,8726,0.09314143182487179,0.451355396640612,High,0,0,0,0,0,2026,5,4,7,Monday,False
IG_000131,,luxury,urdu,False,"Lahore, Pakistan",False,66520,4501,2270,6771,0.06766284331263811,0.504220346512661,High,0,0,0,0,0,2026,5,4,8,Monday,False
IG_000132,یہ عبایا بہت خوبصورت ہے smiling_face_with_heart eyes fashion fashion,vintage,urdu,False,"Lahore, Pakistan",False,77860,190,1135,1325,0.002440246079552022,5.942408376963351,Low,9,1,1,0,68,2026,5,4,8,Monday,False
IG_000133,amazing style fire هذا اللوك راي ع zara,streetwear,mixed,True,"Doha, Qatar",False,91986,8642,60,8702,0.09394805787774359,0.006942034015966678,Medium,8,1,0,1,39,2026,5,4,9,Monday,False
IG_000134,هذا الفستان راي ع sparkles موضة موضة zara,sportswear,arabic,False,"Dubai, UAE",False,27972,34482,465,34947,1.2326886640689236,0.01348490560566076,High,8,1,1,1,41,2026,5,4,10,Monday,False
IG_000135,love this outfit red_heart مجھے یہ look بہت پسند ا یا,luxury,mixed,True,"Manchester, UK",False,57675,40316,177,40493,0.6990082529995145,0.004390207604732495,High,11,1,0,0,53,2026,5,4,10,Monday,False
IG_000136,weekend vibes smiling_face_with_heart eyes یہ رنگ بہت خوبصورت ہے,sportswear,mixed,True,"Manchester, UK",True,251624,44969,442,45411,0.1787143566815698,0.009828774738714699,High,9,1,0,0,64,2026,5,4,11,Monday,False
IG_000137,zara,modest,french,False,"Paris, France",False,78269,40920,2593,43513,0.5228056726715217,0.06336599789838958,High,1,0,0,1,4,2026,5,4,11,Monday,False
IG_000138,nuevo look para el verano,sportswear,spanish,False,"Madrid, Spain",False,238377,6504,2874,9378,0.027284397050063344,0.4418139892390469,Low,5,0,0,0,25,2026,5,4,12,Monday,False
IG_000139,love this oversized blazer smiling_face_with_heart eyes fashion streetstyle streetstyle fashion,sportswear,english,False,"London, UK",False,434305,47820,389,48209,0.11010669896340368,0.008134501578804292,High,10,1,2,0,95,2026,5,4,13,Monday,False
IG_000140,ا حب هذا اللوك كثيرا,sportswear,arabic,False,"Dubai, UAE",False,80526,4404,373,4777,0.05468973139443913,0.08467650397275824,Medium,5,0,0,0,20,2026,5,4,13,Monday,False
IG_000141,amazing style fire هذا اللوك راي ع,vintage,mixed,True,"Doha, Qatar",False,195874,3935,2402,6337,0.02008934269304403,0.6102642276422764,Low,7,1,0,0,34,2026,5,4,14,Monday,False
IG_000142,nuevo look para el verano,sportswear,spanish,False,"Madrid, Spain",False,349330,47260,210,47470,0.13528716317761663,0.004443409999788409,High,5,0,0,0,25,2026,5,4,14,Monday,False
IG_000143,ا حب هذا اللوك كثيرا,luxury,arabic,False,"Dubai, UAE",False,81623,7097,1434,8531,0.08694746643144173,0.20202874049027894,High,5,0,0,0,20,2026,5,4,15,Monday,False
IG_000144,love these shoes red_heart ا حب هذا التصميم,vintage,mixed,True,"Doha, Qatar",False,423716,40750,2513,43263,0.09617268129435448,0.06166719835096071,High,8,1,0,0,43,2026,5,4,16,Monday,False
IG_000145,love this outfit red_heart مجھے یہ look بہت پسند ا یا zara,modest,mixed,True,"Manchester, UK",False,140719,46057,1265,47322,0.3272953382603752,0.02746536975118329,High,12,1,0,1,58,2026,5,4,16,Monday,False
IG_000146,zara,casual,arabic,False,"Dubai, UAE",False,210626,41500,125,41625,0.19703077003423114,0.0030119756150454205,High,1,0,0,1,4,2026,5,4,17,Monday,False
IG_000147,love this oversized blazer smiling_face_with_heart eyes fashion streetstyle streetstyle fashion,modest,english,False,"London, UK",False,194514,37202,2442,39644,0.19125517312289542,0.0656398677526006,High,10,1,2,0,95,2026,5,4,18,Monday,False
IG_000148,love this oversized blazer smiling_face_with_heart eyes fashion streetstyle streetstyle fashion zara,casual,english,False,"London, UK",True,43272,27793,1989,29782,0.642271162156541,0.0715622076707203,High,11,1,2,1,100,2026,5,4,18,Monday,False
IG_000149,nuevo look para el verano,streetwear,spanish,False,"Madrid, Spain",False,60173,18567,2777,21344,0.3085551899491475,0.149558380008617,High,5,0,0,0,25,2026,5,4,19,Monday,False
IG_000150,weekend vibes smiling_face_with_heart eyes یہ رنگ بہت خوبصورت ہے,streetwear,mixed,True,"Manchester, UK",True,207731,508,837,1345,0.0024454585716211273,1.6444007858546168,Low,9,1,0,0,64,2026,5,4,19,Monday,False
IG_000151,هذا الفستان راي ع sparkles موضة موضة zara,casual,arabic,False,"Dubai, UAE",False,63406,28228,719,28947,0.44518743987256926,0.025470261079032202,High,8,1,1,1,41,2026,5,4,20,Monday,False
IG_000152,مجھے یہ لباس بہت پسند ا یا,modest,urdu,False,"Lahore, Pakistan",False,437417,4728,1626,6354,0.010808883036363386,0.3438359061112286,Low,7,0,0,0,26,2026,5,4,21,Monday,False
IG_000153,amazing style fire هذا اللوك راي ع,sportswear,mixed,True,"Doha, Qatar",False,452493,37583,1656,39239,0.08305745490547942,0.044061302681992334,Medium,7,1,0,0,34,2026,5,4,21,Monday,False
IG_000154,weekend vibes smiling_face_with_heart eyes یہ رنگ بہت خوبصورت ہے zara,vintage,mixed,True,"Manchester, UK",True,170772,30157,2824,32981,0.17659114731251427,0.09364016181444393,High,10,1,0,1,69,2026,5,4,22,Monday,False
IG_000155,هذا الفستان راي ع sparkles موضة موضة,streetwear,arabic,False,"Dubai, UAE",False,309238,25941,1270,27211,0.08388657316832612,0.04895536196129828,Medium,7,1,1,0,36,2026,5,4,22,Monday,False
IG_000156,weekend vibes smiling_face_with_heart eyes یہ رنگ بہت خوبصورت ہے zara,vintage,mixed,True,"Manchester, UK",True,332492,12712,1431,14143,0.03823238383965978,0.11256194446629435,Low,10,1,0,1,69,2026,5,4,23,Monday,False
IG_000157,هذا الفستان راي ع sparkles موضة موضة,casual,arabic,False,"Dubai, UAE",False,91463,4943,725,5668,0.05404312079069361,0.14664239482200647,Medium,7,1,1,0,36,2026,5,5,0,Tuesday,False
IG_000158,love these shoes red_heart ا حب هذا التصميم,vintage,mixed,True,"Doha, Qatar",False,235855,42144,2602,44746,0.17868529950478257,0.061739233598291615,High,8,1,0,0,43,2026,5,5,0,Tuesday,False
IG_000159,nuevo look para el verano zara,sportswear,spanish,False,"Madrid, Spain",False,231062,41383,1240,42623,0.17909834114505568,0.029963270829306013,High,6,0,0,1,30,2026,5,5,1,Tuesday,False
IG_000160,love these shoes red_heart ا حب هذا التصميم,streetwear,mixed,True,"Doha, Qatar",False,163243,3733,1510,5243,0.022867609223003602,0.404392072844135,Low,8,1,0,0,43,2026,5,5,2,Tuesday,False
IG_000161,,vintage,mixed,True,"Doha, Qatar",False,266349,36332,168,36500,0.13640698329266004,0.004623895632070019,High,0,0,0,0,0,2026,5,5,2,Tuesday,False
IG_000162,j adore cette robe e le gante sparkles mode mode,modest,french,False,"Paris, France",False,32939,46818,345,47163,1.4213114754098362,0.007368803263632286,High,10,1,1,0,48,2026,5,5,3,Tuesday,False
IG_000163,,vintage,spanish,False,"Madrid, Spain",False,230883,10408,1490,11898,0.04507891408672753,0.1431453549812662,Medium,0,0,0,0,0,2026,5,5,3,Tuesday,False
IG_000164,ا حب هذا اللوك كثيرا,casual,arabic,False,"Dubai, UAE",False,27954,21936,269,22205,0.7846896798426042,0.01226238774672927,High,5,0,0,0,20,2026,5,5,4,Tuesday,False
IG_000165,هذا الفستان راي ع sparkles موضة موضة,vintage,arabic,False,"Dubai, UAE",False,379944,9859,1365,11224,0.025948492544973615,0.13843813387423934,Low,7,1,1,0,36,2026,5,5,5,Tuesday,False
IG_000166,love this oversized blazer smiling_face_with_heart eyes fashion streetstyle streetstyle fashion,luxury,english,False,"London, UK",False,366704,39001,2903,41904,0.10635524467896539,0.07443208040613301,High,10,1,2,0,95,2026,5,5,5,Tuesday,False
IG_000167,summer linen set is everything visit zara,casual,english,False,"London, UK",False,426843,48421,2807,51228,0.11343957042854064,0.057969517987691545,High,7,0,0,1,41,2026,5,5,6,Tuesday,False
IG_000168,me encanta este vestido smiling_face_with_heart eyes moda moda,luxury,spanish,False,"Madrid, Spain",False,10058,14042,1399,15441,1.395963813500348,0.09962258776614684,High,8,1,1,0,62,2026,5,5,6,Tuesday,False
IG_000169,love these shoes red_heart ا حب هذا التصميم new drop,streetwear,mixed,True,"Doha, Qatar",False,155580,33276,2210,35486,0.21388215784703787,0.06641223667998918,High,10,1,0,0,52,2026,5,5,7,Tuesday,False
IG_000170,amazing style fire هذا اللوك راي ع zara,luxury,mixed,True,"Doha, Qatar",False,198009,45411,2558,47969,0.22933690217665775,0.05632872368536951,High,8,1,0,1,39,2026,5,5,8,Tuesday,False
IG_000171,amazing style fire هذا اللوك راي ع,sportswear,mixed,True,"Doha, Qatar",False,355108,40020,1167,41187,0.11269779138236428,0.029159691162139876,High,7,1,0,0,34,2026,5,5,8,Tuesday,False
IG_000172,love these shoes red_heart ا حب هذا التصميم,luxury,mixed,True,"Doha, Qatar",False,424451,24111,2778,26889,0.05680500975375308,0.11521234240212343,Medium,8,1,0,0,43,2026,5,5,9,Tuesday,False
IG_000173,nuevo look para el verano,luxury,spanish,False,"Madrid, Spain",False,264167,13092,2476,15568,0.04955937130916689,0.18910868402963416,Medium,5,0,0,0,25,2026,5,5,10,Tuesday,False
IG_000174,,casual,urdu,False,"Lahore, Pakistan",False,291239,33815,510,34325,0.11610699079796731,0.015081618168914124,High,0,0,0,0,0,2026,5,5,10,Tuesday,False
IG_000175,هذا الفستان راي ع sparkles موضة موضة zara,sportswear,arabic,False,"Dubai, UAE",False,269644,6015,909,6924,0.022307107493185485,0.1510970744680851,Low,8,1,1,1,41,2026,5,5,11,Tuesday,False
IG_000176,love these shoes red_heart ا حب هذا التصميم,luxury,mixed,True,"Doha, Qatar",False,208356,25312,334,25646,0.12148379944038357,0.013194801090348833,High,8,1,0,0,43,2026,5,5,11,Tuesday,False
IG_000177,,luxury,arabic,False,"Dubai, UAE",False,341266,9022,156,9178,0.02643677824108396,0.017289149950127453,Low,0,0,0,0,0,2026,5,5,12,Tuesday,False
IG_000178,ا حب هذا اللوك كثيرا,streetwear,arabic,False,"Dubai, UAE",False,246448,5197,77,5274,0.021087527236872537,0.014813389765294343,Low,5,0,0,0,20,2026,5,5,13,Tuesday,False
IG_000179,هذا الفستان راي ع sparkles موضة موضة,streetwear,arabic,False,"Dubai, UAE",False,319728,18886,973,19859,0.05906877386786935,0.05151691639752211,Medium,7,1,1,0,36,2026,5,5,13,Tuesday,False
IG_000180,,streetwear,arabic,False,"Dubai, UAE",False,327032,32761,2444,35205,0.10017643479404219,0.07459862035284781,High,0,0,0,0,0,2026,5,5,14,Tuesday,False
IG_000181,me encanta este vestido smiling_face_with_heart eyes moda moda zara,streetwear,spanish,False,"Madrid, Spain",False,75775,40297,1445,41742,0.5317910684121622,0.03585785895081642,High,9,1,1,1,67,2026,5,5,15,Tuesday,False
IG_000182,مجھے یہ لباس بہت پسند ا یا new drop zara,vintage,urdu,False,"Lahore, Pakistan",True,189560,35661,2078,37739,0.18812413945906595,0.05826930626437104,High,10,0,0,1,40,2026,5,5,15,Tuesday,False
IG_000183,amazing style fire هذا اللوك راي ع,modest,mixed,True,"Doha, Qatar",True,203337,48981,66,49047,0.2408846354345966,0.0013474337511739005,High,7,1,0,0,34,2026,5,5,16,Tuesday,False
IG_000184,هذا الفستان راي ع sparkles موضة موضة,casual,arabic,False,"Dubai, UAE",False,54849,49594,1361,50955,0.9041750227894257,0.027442282488154047,High,7,1,1,0,36,2026,5,5,16,Tuesday,False
IG_000185,یہ عبایا بہت خوبصورت ہے smiling_face_with_heart eyes fashion fashion,casual,urdu,False,"Lahore, Pakistan",False,92297,30454,2848,33302,0.3299529783960649,0.0935150221638483,High,9,1,1,0,68,2026,5,5,17,Tuesday,False
IG_000186,j adore cette robe e le gante sparkles mode mode,modest,french,False,"Paris, France",False,495220,13216,179,13395,0.02668707506345652,0.01354316410683211,Low,10,1,1,0,48,2026,5,5,18,Tuesday,False
IG_000187,amazing style fire هذا اللوك راي ع,vintage,mixed,True,"Doha, Qatar",False,270709,31029,1037,32066,0.11462081193897529,0.03341927167257493,High,7,1,0,0,34,2026,5,5,18,Tuesday,False
IG_000188,love this oversized blazer smiling_face_with_heart eyes fashion streetstyle streetstyle fashion zara,modest,english,False,"London, UK",False,174524,28641,1638,30279,0.16410829394069618,0.057188743802807064,High,11,1,2,1,100,2026,5,5,19,Tuesday,False
IG_000189,weekend vibes smiling_face_with_heart eyes یہ رنگ بہت خوبصورت ہے,sportswear,mixed,True,"Manchester, UK",False,98446,24079,2126,26205,0.24458845876461446,0.0882890365448505,High,9,1,0,0,64,2026,5,5,19,Tuesday,False
IG_000190,هذا الفستان راي ع sparkles موضة موضة zara,modest,arabic,False,"Dubai, UAE",False,431643,21055,420,21475,0.048778623124611946,0.0199468085106383,Low,8,1,1,1,41,2026,5,5,20,Tuesday,False
IG_000191,summer linen set is everything visit,casual,english,False,"London, UK",False,376762,29096,1439,30535,0.07722626691049811,0.04945527030278035,Medium,6,0,0,0,36,2026,5,5,21,Tuesday,False
IG_000192,j adore cette robe e le gante sparkles mode mode zara,streetwear,french,False,"Paris, France",False,228534,4922,2749,7671,0.021537182488459098,0.5583993499898436,Low,11,1,1,1,53,2026,5,5,21,Tuesday,False
IG_000193,weekend vibes smiling_face_with_heart eyes یہ رنگ بہت خوبصورت ہے zara,vintage,mixed,True,"Manchester, UK",False,16826,44444,1794,46238,2.6412313543709516,0.04036449544380695,High,10,1,0,1,69,2026,5,5,22,Tuesday,False
IG_000194,,streetwear,english,False,"London, UK",False,201225,39660,628,40288,0.19709182709987774,0.01583419480093795,High,0,0,0,0,0,2026,5,5,23,Tuesday,False
IG_000195,weekend vibes smiling_face_with_heart eyes یہ رنگ بہت خوبصورت ہے,vintage,mixed,True,"Manchester, UK",False,40810,24053,1630,25683,0.5893754134914606,0.0677641972229151,High,9,1,0,0,64,2026,5,5,23,Tuesday,False
IG_000196,ا حب هذا اللوك كثيرا,sportswear,arabic,False,"Dubai, UAE",True,98042,36814,482,37296,0.37548830615138257,0.013092489474399022,High,5,0,0,0,20,2026,5,6,0,Wednesday,False
IG_000197,ا حب هذا اللوك كثيرا,sportswear,arabic,False,"Dubai, UAE",False,150224,13123,502,13625,0.08735563321684141,0.03825053337397135,Medium,5,0,0,0,20,2026,5,6,0,Wednesday,False
IG_000198,یہ عبایا بہت خوبصورت ہے smiling_face_with_heart eyes fashion fashion,modest,urdu,False,"Lahore, Pakistan",False,46527,43772,1423,45195,0.9407668500687758,0.03250862403764878,High,9,1,1,0,68,2026,5,6,1,Wednesday,False
IG_000199,love this outfit red_heart مجھے یہ look بہت پسند ا یا zara,casual,mixed,True,"Manchester, UK",False,446858,45894,2612,48506,0.10270353735742146,0.056912517703453534,High,12,1,0,1,58,2026,5,6,2,Wednesday,False
IG_000200,مجھے یہ لباس بہت پسند ا یا zara,sportswear,urdu,False,"Lahore, Pakistan",False,415770,1727,1478,3205,0.004153728855547886,0.8553240740740741,Low,8,0,0,1,31,2026,5,6,2,Wednesday,False
IG_000201,nuevo look para el verano zara,modest,spanish,False,"Madrid, Spain",False,464099,26098,2936,29034,0.05623357035121741,0.11249473159891184,Medium,6,0,0,1,30,2026,5,6,3,Wednesday,False
IG_000202,weekend vibes smiling_face_with_heart eyes یہ رنگ بہت خوبصورت ہے zara,modest,mixed,True,"Manchester, UK",False,39166,42101,303,42404,1.074910000765951,0.007196807752600827,High,10,1,0,1,69,2026,5,6,3,Wednesday,False
IG_000203,nouvelle collection disponible,casual,french,False,"Paris, France",False,435162,38526,745,39271,0.08853234305306287,0.019337088275754664,Medium,3,0,0,0,30,2026,5,6,4,Wednesday,False
IG_000204,amazing style fire هذا اللوك راي ع zara,luxury,mixed,True,"Doha, Qatar",False,272134,10619,1321,11940,0.039021074099252206,0.1243879472693032,Low,8,1,0,1,39,2026,5,6,5,Wednesday,False
IG_000205,love this outfit red_heart مجھے یہ look بہت پسند ا یا zara,luxury,mixed,True,"Manchester, UK",False,444012,41624,2256,43880,0.093745002961625,0.0541981981981982,Medium,12,1,0,1,58,2026,5,6,5,Wednesday,False
IG_000206,هذا الفستان راي ع sparkles موضة موضة,vintage,arabic,False,"Dubai, UAE",False,263993,38058,631,38689,0.14416236732653015,0.016579521269607714,High,7,1,1,0,36,2026,5,6,6,Wednesday,False
IG_000207,مجھے یہ لباس بہت پسند ا یا zara,streetwear,urdu,False,"Lahore, Pakistan",True,453370,42043,2362,44405,0.09273420664312451,0.056179240795357244,Medium,8,0,0,1,31,2026,5,6,7,Wednesday,False
IG_000208,هذا الفستان راي ع sparkles موضة موضة,casual,arabic,False,"Dubai, UAE",False,16378,35759,1186,36945,2.183222418951096,0.03316554809843401,High,7,1,1,0,36,2026,5,6,7,Wednesday,False
IG_000209,weekend vibes smiling_face_with_heart eyes یہ رنگ بہت خوبصورت ہے zara,streetwear,mixed,True,"Manchester, UK",False,238287,10364,1800,12164,0.04349358759148593,0.1736613603473227,Medium,10,1,0,1,69,2026,5,6,8,Wednesday,False
IG_000210,nouvelle collection disponible,modest,french,False,"Paris, France",False,164383,48121,1414,49535,0.29273530270585946,0.029383649889863264,High,3,0,0,0,30,2026,5,6,8,Wednesday,False
IG_000211,j adore cette robe e le gante sparkles mode mode zara,streetwear,french,False,"Paris, France",False,167808,17534,1841,19375,0.10448784034229391,0.10499001996007984,High,11,1,1,1,53,2026,5,6,9,Wednesday,False
IG_000212,یہ عبایا بہت خوبصورت ہے smiling_face_with_heart eyes fashion fashion,luxury,urdu,False,"Lahore, Pakistan",False,453570,10471,1341,11812,0.02308569110459002,0.12805576776165012,Low,9,1,1,0,68,2026,5,6,10,Wednesday,False
IG_000213,nuevo look para el verano new drop,modest,spanish,False,"Madrid, Spain",False,270364,32600,94,32694,0.1205777375030052,0.0028833471365909023,High,7,0,0,0,34,2026,5,6,10,Wednesday,False
IG_000214,summer linen set is everything visit zara,modest,english,False,"London, UK",False,185518,32438,2447,34885,0.1748500153623079,0.07543389130367767,High,7,0,0,1,41,2026,5,6,11,Wednesday,False
IG_000215,love these shoes red_heart ا حب هذا التصميم zara,modest,mixed,True,"Doha, Qatar",False,226430,47682,1498,49180,0.21058070670535395,0.03141580856909171,High,9,1,0,1,48,2026,5,6,11,Wednesday,False
IG_000216,love these shoes red_heart ا حب هذا التصميم zara,vintage,mixed,True,"Doha, Qatar",True,295053,18918,301,19219,0.06411707687406373,0.01590993181457794,Medium,9,1,0,1,48,2026,5,6,12,Wednesday,False
IG_000217,nouvelle collection disponible,streetwear,french,False,"Paris, France",False,327258,8437,396,8833,0.025780803583705873,0.04693055226356957,Low,3,0,0,0,30,2026,5,6,13,Wednesday,False
IG_000218,nouvelle collection disponible,luxury,french,False,"Paris, France",False,192183,39488,2085,41573,0.20546975814844107,0.052799513788650006,High,3,0,0,0,30,2026,5,6,13,Wednesday,False
IG_000219,,sportswear,french,False,"Paris, France",False,422009,9765,2483,12248,0.023139262102793774,0.25424943682162604,Low,0,0,0,0,0,2026,5,6,14,Wednesday,False
IG_000220,me encanta este vestido smiling_face_with_heart eyes moda moda,casual,spanish,False,"Madrid, Spain",False,206521,19615,2431,22046,0.09497777476491609,0.1239294453507341,High,8,1,1,0,62,2026,5,6,15,Wednesday,False
IG_000221,ا حب هذا اللوك كثيرا,casual,arabic,False,"Dubai, UAE",False,9222,7188,1706,8894,0.7793559579312588,0.2373069968006677,High,5,0,0,0,20,2026,5,6,15,Wednesday,False
IG_000222,nuevo look para el verano zara,sportswear,spanish,False,"Madrid, Spain",False,330413,17406,2685,20091,0.052679365886433384,0.15424829091744702,Medium,6,0,0,1,30,2026,5,6,16,Wednesday,False
IG_000223,amazing style fire هذا اللوك راي ع,vintage,mixed,True,"Doha, Qatar",False,275348,24921,605,25526,0.0905069566259547,0.02427574030976647,Medium,7,1,0,0,34,2026,5,6,16,Wednesday,False
IG_000224,,sportswear,mixed,True,"Doha, Qatar",False,10428,9929,1691,11620,0.9520567647904881,0.1702920443101712,High,0,0,0,0,0,2026,5,6,17,Wednesday,False
IG_000225,love this outfit red_heart مجھے یہ look بہت پسند ا یا,casual,mixed,True,"Manchester, UK",False,458107,4086,2890,6976,0.008919294140246404,0.7071201370198189,Low,11,1,0,0,53,2026,5,6,18,Wednesday,False
IG_000226,یہ عبایا بہت خوبصورت ہے smiling_face_with_heart eyes fashion fashion,luxury,urdu,False,"Lahore, Pakistan",False,198064,30129,2183,32312,0.15211672935652437,0.07245270494523731,High,9,1,1,0,68,2026,5,6,18,Wednesday,False
IG_000227,ا حب هذا اللوك كثيرا,vintage,arabic,False,"Dubai, UAE",False,421845,31736,787,32523,0.07523124552561836,0.024797554904370293,Medium,5,0,0,0,20,2026,5,6,19,Wednesday,False
IG_000228,مجھے یہ لباس بہت پسند ا یا,casual,urdu,False,"Lahore, Pakistan",False,156535,13589,2827,16416,0.08681070169162365,0.2080206033848418,High,7,0,0,0,26,2026,5,6,19,Wednesday,False
IG_000229,weekend vibes smiling_face_with_heart eyes یہ رنگ بہت خوبصورت ہے,modest,mixed,True,"Manchester, UK",False,490439,18865,499,19364,0.038465459587309354,0.026449697869182658,Low,9,1,0,0,64,2026,5,6,20,Wednesday,False
IG_000230,nuevo look para el verano,modest,spanish,False,"Madrid, Spain",False,405808,2761,1178,3939,0.006803693363133888,0.4265025343953657,Low,5,0,0,0,25,2026,5,6,21,Wednesday,False
IG_000231,love this outfit red_heart مجھے یہ look بہت پسند ا یا,luxury,mixed,True,"Manchester, UK",False,392320,35301,1110,36411,0.08997988891749359,0.031442977734972524,Medium,11,1,0,0,53,2026,5,6,21,Wednesday,False
IG_000232,nuevo look para el verano zara,casual,spanish,False,"Madrid, Spain",False,125952,34807,924,35731,0.276349114352179,0.0265456216961618,High,6,0,0,1,30,2026,5,6,22,Wednesday,False
IG_000233,zara,luxury,mixed,True,"Manchester, UK",False,248175,344,2254,2598,0.0013861130810392626,6.533333333333333,Low,1,0,0,1,4,2026,5,6,23,Wednesday,False
IG_000234,مجھے یہ لباس بہت پسند ا یا,modest,urdu,False,"Lahore, Pakistan",False,105072,21053,1169,22222,0.20036546020385826,0.05552389094708844,High,7,0,0,0,26,2026,5,6,23,Wednesday,False
IG_000235,love this outfit red_heart مجھے یہ look بہت پسند ا یا,casual,mixed,True,"Manchester, UK",False,122250,2449,717,3166,0.020032555970912302,0.2926530612244898,Low,11,1,0,0,53,2026,5,7,0,Thursday,False
IG_000236,j adore cette robe e le gante sparkles mode mode,luxury,french,False,"Paris, France",False,208639,49091,1185,50276,0.23529045245398772,0.024138352481055978,High,10,1,1,0,48,2026,5,7,0,Thursday,False
IG_000237,love this oversized blazer smiling_face_with_heart eyes fashion streetstyle streetstyle fashion zara,casual,english,False,"London, UK",False,176158,35610,2147,37757,0.20214692408562718,0.06029035972031114,High,11,1,2,1,100,2026,5,7,1,Thursday,False
IG_000238,j adore cette robe e le gante sparkles mode mode zara,luxury,french,False,"Paris, France",False,424551,47919,1879,49798,0.11286956603666924,0.03921118530884808,High,11,1,1,1,53,2026,5,7,2,Thursday,False
IG_000239,weekend vibes smiling_face_with_heart eyes یہ رنگ بہت خوبصورت ہے zara,casual,mixed,True,"Manchester, UK",False,415089,49634,791,50425,0.11957406827435015,0.01593633524730533,High,10,1,0,1,69,2026,5,7,2,Thursday,False
IG_000240,مجھے یہ لباس بہت پسند ا یا,luxury,urdu,False,"Lahore, Pakistan",False,210652,9220,1955,11175,0.04376866220751663,0.2120160503199219,Medium,7,0,0,0,26,2026,5,7,3,Thursday,False
IG_000241,zara,modest,arabic,False,"Dubai, UAE",False,395685,19793,2385,22178,0.0500219871312101,0.12049105789633222,Medium,1,0,0,1,4,2026,5,7,4,Thursday,False
IG_000242,love this outfit red_heart مجھے یہ look بہت پسند ا یا,sportswear,mixed,True,"Manchester, UK",False,33071,20111,654,20765,0.6080974842767296,0.03251789976133652,High,11,1,0,0,53,2026,5,7,4,Thursday,False
IG_000243,nouvelle collection disponible,luxury,french,False,"Paris, France",False,155184,14365,547,14912,0.09256693623739408,0.038076012808018936,Medium,3,0,0,0,30,2026,5,7,5,Thursday,False
IG_000244,j adore cette robe e le gante sparkles mode mode,sportswear,french,False,"Paris, France",False,368519,49638,2201,51839,0.13469553891240638,0.04434013578033401,High,10,1,1,0,48,2026,5,7,5,Thursday,False
IG_000245,amazing style fire هذا اللوك راي ع,vintage,mixed,True,"Doha, Qatar",False,458274,29283,2163,31446,0.06389831433091485,0.07386286026499111,Medium,7,1,0,0,34,2026,5,7,6,Thursday,False
IG_000246,,vintage,mixed,True,"Manchester, UK",False,435016,13253,2345,15598,0.030465476061855054,0.17692771993360495,Low,0,0,0,0,0,2026,5,7,7,Thursday,False
IG_000247,me encanta este vestido smiling_face_with_heart eyes moda new drop moda zara,vintage,spanish,False,"Madrid, Spain",False,357170,32040,372,32412,0.08970493125141739,0.011610124527948566,Medium,11,1,1,1,76,2026,5,7,7,Thursday,False
IG_000248,nuevo look para el verano,streetwear,spanish,False,"Madrid, Spain",False,218302,36626,1893,38519,0.16777598109050265,0.05168318453599804,High,5,0,0,0,25,2026,5,7,8,Thursday,False
IG_000249,weekend vibes smiling_face_with_heart eyes یہ رنگ بہت خوبصورت ہے,vintage,mixed,True,"Manchester, UK",False,2080,4791,185,4976,2.3022585295530993,0.03860601001669449,High,9,1,0,0,64,2026,5,7,8,Thursday,False
IG_000250,nouvelle collection disponible,sportswear,french,False,"Paris, France",False,490490,2084,1175,3259,0.004248803749712023,0.5635491606714629,Low,3,0,0,0,30,2026,5,7,9,Thursday,False
IG_000251,j adore cette robe e le gante sparkles mode mode,modest,french,False,"Paris, France",False,339127,25071,1837,26908,0.0739278384562761,0.07326898532227186,Medium,10,1,1,0,48,2026,5,7,10,Thursday,False
IG_000252,love these shoes red_heart ا حب هذا التصميم,casual,mixed,True,"Doha, Qatar",False,459018,22796,485,23281,0.0496624322740453,0.021274729131026012,Medium,8,1,0,0,43,2026,5,7,10,Thursday,False
IG_000253,مجھے یہ لباس بہت پسند ا یا zara,streetwear,urdu,False,"Lahore, Pakistan",False,438186,19558,1896,21454,0.04463391200560491,0.09693747124086098,Low,8,0,0,1,31,2026,5,7,11,Thursday,False
IG_000254,weekend vibes smiling_face_with_heart eyes یہ رنگ بہت خوبصورت ہے zara,luxury,mixed,True,"Manchester, UK",False,181987,47520,462,47982,0.26111611754621183,0.009722017634309042,High,10,1,0,1,69,2026,5,7,12,Thursday,False
IG_000255,summer linen set is everything visit zara,streetwear,english,False,"London, UK",False,35779,29262,2448,31710,0.8178311906092789,0.08365512763558076,High,7,0,0,1,41,2026,5,7,12,Thursday,False
IG_000256,love this outfit red_heart مجھے یہ look بہت پسند ا یا,streetwear,mixed,True,"Manchester, UK",False,123361,9188,2063,11251,0.07447998573304583,0.224507563391011,Medium,11,1,0,0,53,2026,5,7,13,Thursday,False
IG_000257,هذا الفستان راي ع sparkles موضة موضة,casual,arabic,False,"Dubai, UAE",False,303263,21020,970,21990,0.06931254616439801,0.04614433185861757,Medium,7,1,1,0,36,2026,5,7,13,Thursday,False
IG_000258,هذا الفستان راي ع sparkles موضة موضة zara,vintage,arabic,False,"Dubai, UAE",False,158049,38780,717,39497,0.24536539069914584,0.01848843505840489,High,8,1,1,1,41,2026,5,7,14,Thursday,False
IG_000259,weekend vibes smiling_face_with_heart eyes یہ رنگ بہت خوبصورت ہے,sportswear,mixed,True,"Manchester, UK",False,494162,34376,1305,35681,0.0695640912006767,0.037961427698752076,Medium,9,1,0,0,64,2026,5,7,15,Thursday,False
IG_000260,weekend vibes smiling_face_with_heart eyes یہ رنگ بہت خوبصورت ہے,luxury,mixed,True,"Manchester, UK",False,396031,14773,1231,16004,0.03730254120879121,0.08332205225395965,Low,9,1,0,0,64,2026,5,7,15,Thursday,False
IG_000261,amazing style fire هذا اللوك راي ع,luxury,mixed,True,"Doha, Qatar",False,218870,25460,994,26454,0.11632422751300994,0.039040100545932994,High,7,1,0,0,34,2026,5,7,16,Thursday,False
IG_000262,هذا الفستان راي ع sparkles موضة موضة,vintage,arabic,False,"Dubai, UAE",False,444641,47491,780,48271,0.10680727416663294,0.016423818748420787,High,7,1,1,0,36,2026,5,7,16,Thursday,False
IG_000263,summer linen set is everything visit zara,vintage,english,False,"London, UK",False,458528,47473,2750,50223,0.10353325525757368,0.05792644394826642,High,7,0,0,1,41,2026,5,7,17,Thursday,False
IG_000264,me encanta este vestido smiling_face_with_heart eyes moda moda zara,luxury,spanish,False,"Madrid, Spain",False,477074,48598,480,49078,0.10186658282240738,0.009876746435111834,High,9,1,1,1,67,2026,5,7,18,Thursday,False
IG_000265,weekend vibes smiling_face_with_heart eyes یہ رنگ بہت خوبصورت ہے,luxury,mixed,True,"Manchester, UK",False,107723,36186,1317,37503,0.33591400245070735,0.036394285240556004,High,9,1,0,0,64,2026,5,7,18,Thursday,False
IG_000266,love these shoes red_heart ا حب هذا التصميم zara,vintage,mixed,True,"Doha, Qatar",False,162202,32594,1908,34502,0.2009457285007059,0.05853658536585366,High,9,1,0,1,48,2026,5,7,19,Thursday,False
IG_000267,summer linen set is everything visit,streetwear,english,False,"London, UK",False,194856,36870,906,37776,0.18921568124316807,0.024572156979740176,High,6,0,0,0,36,2026,5,7,20,Thursday,False
IG_000268,,modest,mixed,True,"Manchester, UK",False,304137,9993,803,10796,0.032856795270567965,0.08034820892535521,Low,0,0,0,0,0,2026,5,7,20,Thursday,False
IG_000269,هذا الفستان راي ع sparkles موضة موضة,modest,arabic,False,"Dubai, UAE",False,343703,16869,2001,18870,0.04908002234480832,0.11861292234736218,Medium,7,1,1,0,36,2026,5,7,21,Thursday,False
IG_000270,weekend vibes smiling_face_with_heart eyes یہ رنگ بہت خوبصورت ہے zara,vintage,mixed,True,"Manchester, UK",False,89243,32007,753,32760,0.35864595939222804,0.02352536865783554,High,10,1,0,1,69,2026,5,7,21,Thursday,False
IG_000271,me encanta este vestido smiling_face_with_heart eyes moda moda zara,streetwear,spanish,False,"Madrid, Spain",False,350837,27031,563,27594,0.0770469561450014,0.020827167801124594,Medium,9,1,1,1,67,2026,5,7,22,Thursday,False
IG_000272,,streetwear,mixed,True,"Doha, Qatar",True,265649,40495,2612,43107,0.15243741765480895,0.06450019755037535,High,0,0,0,0,0,2026,5,7,23,Thursday,False
IG_000273,weekend vibes smiling_face_with_heart eyes یہ رنگ بہت خوبصورت ہے,streetwear,mixed,True,"Manchester, UK",True,289720,34700,2958,37658,0.11977039979842677,0.0852425002161321,High,9,1,0,0,64,2026,5,7,23,Thursday,False
IG_000274,,luxury,arabic,False,"Dubai, UAE",False,423164,7018,394,7412,0.0165845473987688,0.05613335232939165,Low,0,0,0,0,0,2026,5,8,0,Friday,False
IG_000275,me encanta este vestido smiling_face_with_heart eyes moda moda,sportswear,spanish,False,"Madrid, Spain",False,427907,5183,1528,6711,0.012112416687699225,0.29475308641975306,Low,8,1,1,0,62,2026,5,8,0,Friday,False
IG_000276,nouvelle collection disponible,streetwear,french,False,"Paris, France",False,359134,42848,2661,45509,0.11930889498378047,0.06210179934187496,High,3,0,0,0,30,2026,5,8,1,Friday,False
IG_000277,amazing style fire هذا اللوك راي ع zara,streetwear,mixed,True,"Doha, Qatar",False,250063,46066,701,46767,0.18421684048883485,0.015216966592137539,High,8,1,0,1,39,2026,5,8,2,Friday,False
IG_000278,summer linen set is everything visit,streetwear,english,False,"London, UK",False,297171,34618,174,34792,0.11649145949147295,0.005026141714087639,High,6,0,0,0,36,2026,5,8,2,Friday,False
IG_000279,یہ عبایا بہت خوبصورت ہے smiling_face_with_heart eyes fashion fashion zara,streetwear,urdu,False,"Lahore, Pakistan",False,249799,44859,1148,46007,0.1795796637309848,0.025590726705305395,High,10,1,1,1,73,2026,5,8,3,Friday,False
IG_000280,me encanta este vestido smiling_face_with_heart eyes moda new drop moda,casual,spanish,False,"Madrid, Spain",True,109110,26107,315,26422,0.23927010108971597,0.012065267351003524,High,10,1,1,0,71,2026,5,8,4,Friday,False
IG_000281,هذا الفستان راي ع sparkles موضة موضة,vintage,arabic,False,"Dubai, UAE",False,204530,21745,1572,23317,0.10631640191462419,0.07228915662650602,High,7,1,1,0,36,2026,5,8,4,Friday,False
IG_000282,amazing style fire هذا اللوك راي ع,modest,mixed,True,"Doha, Qatar",False,263059,3524,400,3924,0.013396183380217442,0.11347517730496454,Low,7,1,0,0,34,2026,5,8,5,Friday,False
IG_000283,j adore cette robe e le gante sparkles mode mode,sportswear,french,False,"Paris, France",False,322342,21394,121,21515,0.0663702949963238,0.005655526992287918,Medium,10,1,1,0,48,2026,5,8,5,Friday,False
IG_000284,weekend vibes smiling_face_with_heart eyes یہ رنگ بہت خوبصورت ہے,sportswear,mixed,True,"Manchester, UK",False,187047,28306,760,29066,0.15133013985714897,0.02684848270745752,High,9,1,0,0,64,2026,5,8,6,Friday,False
IG_000285,weekend vibes smiling_face_with_heart eyes یہ رنگ بہت خوبصورت ہے,streetwear,mixed,True,"Manchester, UK",False,129710,17566,631,18197,0.1354241351928518,0.03591962201855752,High,9,1,0,0,64,2026,5,8,7,Friday,False
IG_000286,j adore cette robe e le gante sparkles mode mode zara,modest,french,False,"Paris, France",False,48483,29151,1474,30625,0.6012498968731953,0.05056256860592755,High,11,1,1,1,53,2026,5,8,7,Friday,False
IG_000287,love these shoes red_heart ا حب هذا التصميم,vintage,mixed,True,"Doha, Qatar",False,235823,26746,423,27169,0.11341508921907864,0.015814857741055073,High,8,1,0,0,43,2026,5,8,8,Friday,False
IG_000288,love this oversized blazer smiling_face_with_heart eyes fashion streetstyle streetstyle fashion,sportswear,english,False,"London, UK",False,411771,813,1195,2008,0.0019743935964562915,1.468058968058968,Low,10,1,2,0,95,2026,5,8,8,Friday,False
IG_000289,nouvelle collection disponible,luxury,french,False,"Paris, France",False,475089,37488,2134,39622,0.07890715443389673,0.05692336418682813,Medium,3,0,0,0,30,2026,5,8,9,Friday,False
IG_000290,مجھے یہ لباس بہت پسند ا یا new drop zara,luxury,urdu,False,"Lahore, Pakistan",False,259038,28491,1130,29621,0.1099872992097715,0.03966025551031869,High,10,0,0,1,40,2026,5,8,10,Friday,False
IG_000291,nouvelle collection disponible zara,casual,french,False,"Paris, France",False,495544,32497,2432,34929,0.06557830267685073,0.07483537448458366,Medium,4,0,0,1,35,2026,5,8,10,Friday,False
IG_000292,me encanta este vestido smiling_face_with_heart eyes moda moda,vintage,spanish,False,"Madrid, Spain",False,497956,24901,1349,26250,0.050006325847412526,0.054172355634085616,Medium,8,1,1,0,62,2026,5,8,11,Friday,False
IG_000293,nouvelle collection disponible,vintage,french,False,"Paris, France",False,71868,45571,822,46393,0.634084236597142,0.018037391380672344,High,3,0,0,0,30,2026,5,8,12,Friday,False
IG_000294,nouvelle collection disponible new drop,casual,french,False,"Paris, France",False,153302,32183,2358,34541,0.20993066019582135,0.0732662192393736,High,5,0,0,0,39,2026,5,8,12,Friday,False
IG_000295,amazing style fire هذا اللوك راي ع,vintage,mixed,True,"Doha, Qatar",False,206511,13099,2425,15524,0.06342972805454404,0.1851145038167939,Medium,7,1,0,0,34,2026,5,8,13,Friday,False
IG_000296,me encanta este vestido smiling_face_with_heart eyes moda moda,casual,spanish,False,"Madrid, Spain",True,381769,13744,1795,15539,0.036000733425884696,0.13059294288832302,Low,8,1,1,0,62,2026,5,8,13,Friday,False
IG_000297,love these shoes red_heart ا حب هذا التصميم,casual,mixed,True,"Doha, Qatar",False,417653,32727,570,33297,0.07835912022870606,0.01741627963823026,Medium,8,1,0,0,43,2026,5,8,14,Friday,False
IG_000298,weekend vibes smiling_face_with_heart eyes یہ رنگ بہت خوبصورت ہے,streetwear,mixed,True,"Manchester, UK",False,222340,29435,2449,31884,0.13238673928785064,0.08319744530506862,High,9,1,0,0,64,2026,5,8,15,Friday,False
IG_000299,nouvelle collection disponible,modest,french,False,"Paris, France",False,19775,45987,2199,48186,2.325394417475728,0.047816821779594676,High,3,0,0,0,30,2026,5,8,15,Friday,False
IG_000300,me encanta este vestido smiling_face_with_heart eyes moda moda zara,vintage,spanish,False,"Madrid, Spain",False,186626,2908,2306,5214,0.015581882578619385,0.792712272258508,Low,9,1,1,1,67,2026,5,8,16,Friday,False
IG_000301,weekend vibes smiling_face_with_heart eyes یہ رنگ بہت خوبصورت ہے zara,streetwear,mixed,True,"Manchester, UK",False,226182,16961,909,17870,0.07498795223336856,0.05359037849310223,Medium,10,1,0,1,69,2026,5,8,17,Friday,False
IG_000302,me encanta este vestido smiling_face_with_heart eyes moda moda,vintage,spanish,False,"Madrid, Spain",False,356782,9884,1412,11296,0.027703113657321116,0.1428426909458776,Low,8,1,1,0,62,2026,5,8,17,Friday,False
IG_000303,summer linen set is everything visit zara,casual,english,False,"London, UK",False,45512,9289,1426,10715,0.20409553314437634,0.1534983853606028,High,7,0,0,1,41,2026,5,8,18,Friday,False
IG_000304,ا حب هذا اللوك كثيرا,sportswear,arabic,False,"Dubai, UAE",False,183109,47321,2853,50174,0.2584293594014527,0.060289083301635606,High,5,0,0,0,20,2026,5,8,18,Friday,False
IG_000305,zara,modest,french,False,"Paris, France",False,60837,42470,447,42917,0.6980834346954207,0.010524828706646889,High,1,0,0,1,4,2026,5,8,19,Friday,False
IG_000306,love this outfit red_heart مجھے یہ look بہت پسند ا یا,modest,mixed,True,"Manchester, UK",False,91963,36695,1746,38441,0.39901483189073983,0.04758011772400261,High,11,1,0,0,53,2026,5,8,20,Friday,False
IG_000307,j adore cette robe e le gante sparkles mode mode,sportswear,french,False,"Paris, France",False,336295,1918,2515,4433,0.00570330898969955,1.310578426263679,Low,10,1,1,0,48,2026,5,8,20,Friday,False
IG_000308,مجھے یہ لباس بہت پسند ا یا zara,casual,urdu,False,"Lahore, Pakistan",True,113115,4105,2364,6469,0.036290179992220374,0.5757428153921091,Medium,8,0,0,1,31,2026,5,8,21,Friday,False
IG_000309,love this oversized blazer smiling_face_with_heart eyes fashion streetstyle streetstyle fashion,sportswear,english,False,"London, UK",False,138048,34589,2617,37206,0.25055596201348795,0.07565770453888407,High,10,1,2,0,95,2026,5,8,21,Friday,False
IG_000310,ا حب هذا اللوك كثيرا,vintage,arabic,False,"Dubai, UAE",False,185041,11311,2759,14070,0.061126663135936704,0.2439002828854314,Medium,5,0,0,0,20,2026,5,8,22,Friday,False
IG_000311,weekend vibes smiling_face_with_heart eyes یہ رنگ بہت خوبصورت ہے,luxury,mixed,True,"Manchester, UK",True,70727,20018,479,20497,0.2830279380160615,0.023927269094360357,High,9,1,0,0,64,2026,5,8,23,Friday,False
IG_000312,مجھے یہ لباس بہت پسند ا یا zara,sportswear,urdu,False,"Lahore, Pakistan",False,313198,27729,760,28489,0.08853476543667126,0.02740714028128381,Medium,8,0,0,1,31,2026,5,8,23,Friday,False
IG_000313,j adore cette robe e le gante sparkles mode mode,sportswear,french,False,"Paris, France",False,98593,40598,219,40817,0.41176947887295373,0.0053942215325500625,High,10,1,1,0,48,2026,5,9,0,Saturday,True
IG_000314,love these shoes red_heart ا حب هذا التصميم,vintage,mixed,True,"Doha, Qatar",False,427907,33129,2674,35803,0.07742084747188648,0.08071234530636885,Medium,8,1,0,0,43,2026,5,9,1,Saturday,True
IG_000315,nouvelle collection disponible,streetwear,french,False,"Paris, France",False,233206,37058,126,37184,0.15890603626820807,0.003399983809600907,High,3,0,0,0,30,2026,5,9,1,Saturday,True
IG_000316,amazing style fire هذا اللوك راي ع zara,sportswear,mixed,True,"Doha, Qatar",False,151846,37075,2028,39103,0.24416024024182237,0.0546984572230014,High,8,1,0,1,39,2026,5,9,2,Saturday,True
IG_000317,me encanta este vestido smiling_face_with_heart eyes moda moda,vintage,spanish,False,"Madrid, Spain",False,432137,49601,170,49771,0.11478046364818646,0.003427281158017822,High,8,1,1,0,62,2026,5,9,2,Saturday,True
IG_000318,love these shoes red_heart ا حب هذا التصميم,luxury,mixed,True,"Doha, Qatar",False,435696,19515,132,19647,0.04479030151687985,0.006763681082188973,Low,8,1,0,0,43,2026,5,9,3,Saturday,True
IG_000319,nouvelle collection disponible,luxury,french,False,"Paris, France",False,62044,13759,2408,16167,0.22175840116044807,0.175,High,3,0,0,0,30,2026,5,9,4,Saturday,True
IG_000320,weekend vibes smiling_face_with_heart eyes یہ رنگ بہت خوبصورت ہے,luxury,mixed,True,"Manchester, UK",False,87522,13567,243,13810,0.1550106829062075,0.017909787735849055,High,9,1,0,0,64,2026,5,9,4,Saturday,True
IG_000321,nuevo look para el verano,modest,spanish,False,"Madrid, Spain",False,170187,18966,2345,21311,0.11144146473311867,0.12363578847471925,High,5,0,0,0,25,2026,5,9,5,Saturday,True
IG_000322,هذا الفستان راي ع sparkles موضة موضة,luxury,arabic,False,"Dubai, UAE",False,145897,45973,543,46516,0.3151037025867387,0.011811023622047244,High,7,1,1,0,36,2026,5,9,5,Saturday,True
IG_000323,یہ عبایا بہت خوبصورت ہے smiling_face_with_heart eyes fashion fashion,luxury,urdu,False,"Lahore, Pakistan",False,355041,37847,2590,40437,0.10659865593366419,0.06843162122172902,High,9,1,1,0,68,2026,5,9,6,Saturday,True
IG_000324,ا حب هذا اللوك كثيرا,sportswear,arabic,False,"Dubai, UAE",False,461939,33796,1139,34935,0.07316101658224011,0.033701216084267835,Medium,5,0,0,0,20,2026,5,9,7,Saturday,True
IG_000325,weekend vibes smiling_face_with_heart eyes یہ رنگ بہت خوبصورت ہے,casual,mixed,True,"Manchester, UK",False,1796,6109,2993,9102,3.399554813578186,0.4898527004909984,High,9,1,0,0,64,2026,5,9,7,Saturday,True
IG_000326,nouvelle collection disponible,sportswear,french,False,"Paris, France",False,225756,17603,1322,18925,0.07797321899210213,0.07509656896159964,Medium,3,0,0,0,30,2026,5,9,8,Saturday,True
IG_000327,love these shoes red_heart ا حب هذا التصميم,modest,mixed,True,"Doha, Qatar",False,447414,44736,198,44934,0.09998770716225429,0.004425866732235063,High,8,1,0,0,43,2026,5,9,9,Saturday,True
IG_000328,love this oversized blazer smiling_face_with_heart eyes fashion streetstyle streetstyle fashion,sportswear,english,False,"London, UK",True,487790,29923,2,29925,0.061343895233819404,6.68359844940516e-05,Medium,10,1,2,0,95,2026,5,9,9,Saturday,True
IG_000329,j adore cette robe e le gante sparkles mode mode zara,modest,french,False,"Paris, France",False,158764,6122,2681,8803,0.038560136050136994,0.43785725951331045,Medium,11,1,1,1,53,2026,5,9,10,Saturday,True
IG_000330,ا حب هذا اللوك كثيرا zara,casual,arabic,False,"Dubai, UAE",False,87282,20026,2973,22999,0.22943757661858552,0.14844959304938332,High,6,0,0,1,25,2026,5,9,10,Saturday,True
IG_000331,love this outfit red_heart مجھے یہ look بہت پسند ا یا zara,streetwear,mixed,True,"Manchester, UK",False,1069,8701,2431,11132,8.131775700934579,0.2793610664215123,High,12,1,0,1,58,2026,5,9,11,Saturday,True
IG_000332,,sportswear,urdu,False,"Lahore, Pakistan",False,63725,45489,541,46030,0.7138216740419923,0.011892723675533083,High,0,0,0,0,0,2026,5,9,12,Saturday,True
IG_000333,j adore cette robe e le gante sparkles mode mode zara,modest,french,False,"Paris, France",False,54201,19616,561,20177,0.3619054647429984,0.028597644899831777,High,11,1,1,1,53,2026,5,9,12,Saturday,True
IG_000334,j adore cette robe e le gante sparkles mode mode,vintage,french,False,"Paris, France",False,278639,42604,672,43276,0.15289979902383002,0.01577279662011501,High,10,1,1,0,48,2026,5,9,13,Saturday,True
IG_000335,nouvelle collection disponible,casual,french,False,"Paris, France",False,482789,28997,889,29886,0.06006131030054475,0.030657286709428237,Medium,3,0,0,0,30,2026,5,9,13,Saturday,True
IG_000336,love this oversized blazer smiling_face_with_heart eyes fashion streetstyle streetstyle fashion,sportswear,english,False,"London, UK",False,201843,20616,572,21188,0.10213828501218764,0.027744094679148276,High,10,1,2,0,95,2026,5,9,14,Saturday,True
IG_000337,مجھے یہ لباس بہت پسند ا یا,modest,urdu,False,"Lahore, Pakistan",False,315076,45256,109,45365,0.1436347305579271,0.0024084671984444393,High,7,0,0,0,26,2026,5,9,15,Saturday,True
IG_000338,love these shoes red_heart ا حب هذا التصميم new drop,casual,mixed,True,"Doha, Qatar",False,392585,3581,980,4561,0.009121568267844498,0.27359017308766054,Low,10,1,0,0,52,2026,5,9,15,Saturday,True
IG_000339,nouvelle collection disponible,streetwear,french,False,"Paris, France",False,37730,23669,1296,24965,0.6273091092205348,0.05475285171102662,High,3,0,0,0,30,2026,5,9,16,Saturday,True
IG_000340,مجھے یہ لباس بہت پسند ا یا,sportswear,urdu,False,"Lahore, Pakistan",False,286948,4788,68,4856,0.016685891918076033,0.014199206514930047,Low,7,0,0,0,26,2026,5,9,17,Saturday,True
IG_000341,,sportswear,spanish,False,"Madrid, Spain",True,32203,33206,1173,34379,1.0311141473108931,0.035323877495708735,High,0,0,0,0,0,2026,5,9,17,Saturday,True
IG_000342,weekend vibes smiling_face_with_heart eyes یہ رنگ بہت خوبصورت ہے,luxury,mixed,True,"Manchester, UK",True,281814,18189,342,18531,0.06454234160708266,0.01880153930731171,Medium,9,1,0,0,64,2026,5,9,18,Saturday,True
IG_000343,هذا الفستان راي ع sparkles موضة موضة,sportswear,arabic,False,"Dubai, UAE",False,81962,38437,2598,41035,0.4689555043129217,0.067589364691191,High,7,1,1,0,36,2026,5,9,18,Saturday,True
IG_000344,amazing style fire هذا اللوك راي ع zara,luxury,mixed,True,"Doha, Qatar",False,444293,5655,1779,7434,0.012728058447784575,0.3145332390381895,Low,8,1,0,1,39,2026,5,9,19,Saturday,True
IG_000345,summer linen set is everything visit,luxury,english,False,"London, UK",False,389361,7832,51,7883,0.020114957289103712,0.0065109153581003444,Low,6,0,0,0,36,2026,5,9,20,Saturday,True
IG_000346,love this outfit red_heart مجھے یہ look بہت پسند ا یا,casual,mixed,True,"Manchester, UK",False,182273,16995,683,17678,0.09323875045261529,0.04018592610025888,Medium,11,1,0,0,53,2026,5,9,20,Saturday,True
IG_000347,هذا الفستان راي ع sparkles موضة موضة,streetwear,arabic,False,"Dubai, UAE",False,62395,21960,1758,23718,0.351945637540868,0.08005099949911207,High,7,1,1,0,36,2026,5,9,21,Saturday,True
IG_000348,هذا الفستان راي ع sparkles موضة موضة,modest,arabic,False,"Dubai, UAE",False,260624,3638,2046,5684,0.013958752997601919,0.562242374278648,Low,7,1,1,0,36,2026,5,9,21,Saturday,True
IG_000349,amazing style fire هذا اللوك راي ع,casual,mixed,True,"Doha, Qatar",False,469354,7563,935,8498,0.016113602710102162,0.1236118455843469,Low,7,1,0,0,34,2026,5,9,22,Saturday,True
IG_000350,,luxury,mixed,True,"Manchester, UK",False,247840,11733,144,11877,0.04734083545498929,0.01227202999829555,Low,0,0,0,0,0,2026,5,9,23,Saturday,True
IG_000351,nuevo look para el verano,streetwear,spanish,False,"Madrid, Spain",False,378138,37461,1527,38988,0.0990667452973642,0.040761304788852704,High,5,0,0,0,25,2026,5,9,23,Saturday,True
IG_000352,love this oversized blazer smiling_face_with_heart eyes fashion streetstyle new drop streetstyle fashion zara,sportswear,english,False,"London, UK",False,210700,18506,1272,19778,0.08783062254094665,0.06873075052682769,Medium,13,1,2,1,109,2026,5,10,0,Sunday,True
IG_000353,هذا الفستان راي ع sparkles موضة موضة,modest,arabic,False,"Dubai, UAE",False,153379,48473,2550,51023,0.31603207719389753,0.052605520485208564,High,7,1,1,0,36,2026,5,10,1,Sunday,True
IG_000354,مجھے یہ لباس بہت پسند ا یا zara,vintage,urdu,False,"Lahore, Pakistan",False,407287,49843,1004,50847,0.12237777690479464,0.02014284567851697,High,8,0,0,1,31,2026,5,10,1,Sunday,True
IG_000355,یہ عبایا بہت خوبصورت ہے smiling_face_with_heart eyes fashion fashion,casual,urdu,False,"Lahore, Pakistan",False,182125,633,1372,2005,0.0034756157824802607,2.1640378548895898,Low,9,1,1,0,68,2026,5,10,2,Sunday,True
IG_000356,summer linen set is everything visit,luxury,english,False,"London, UK",False,108080,27518,2015,29533,0.2546053422895791,0.07322213743231949,High,6,0,0,0,36,2026,5,10,2,Sunday,True
IG_000357,love this oversized blazer smiling_face_with_heart eyes fashion streetstyle streetstyle fashion,vintage,english,False,"London, UK",True,121858,27075,2870,29945,0.22218301479578859,0.10599793174767322,High,10,1,2,0,95,2026,5,10,3,Sunday,True
IG_000358,ا حب هذا اللوك كثيرا zara,sportswear,arabic,False,"Dubai, UAE",False,265489,4909,2424,7333,0.01849033861915703,0.49368635437881875,Low,6,0,0,1,25,2026,5,10,4,Sunday,True
IG_000359,me encanta este vestido smiling_face_with_heart eyes moda moda,sportswear,spanish,False,"Madrid, Spain",False,137334,45927,1336,47263,0.33441584446790695,0.02908900888346978,High,8,1,1,0,62,2026,5,10,4,Sunday,True
IG_000360,ا حب هذا اللوك كثيرا,vintage,arabic,False,"Dubai, UAE",False,71861,7146,636,7782,0.09944059447273941,0.0889883867356933,High,5,0,0,0,20,2026,5,10,5,Sunday,True
IG_000361,love this oversized blazer smiling_face_with_heart eyes fashion streetstyle streetstyle fashion,luxury,english,False,"London, UK",False,281478,29621,1262,30883,0.10523342771574433,0.04260347039362636,High,10,1,2,0,95,2026,5,10,6,Sunday,True
IG_000362,nouvelle collection disponible,casual,french,False,"Paris, France",False,360190,45675,2471,48146,0.12680772145889263,0.054098432437166125,High,3,0,0,0,30,2026,5,10,6,Sunday,True
IG_000363,love this oversized blazer smiling_face_with_heart eyes fashion streetstyle streetstyle fashion zara,modest,english,False,"London, UK",False,373351,25973,2103,28076,0.06956705736141765,0.08096558096558097,Medium,11,1,2,1,100,2026,5,10,7,Sunday,True
IG_000364,summer linen set is everything visit,vintage,english,False,"London, UK",True,212517,49031,2253,51284,0.23071457476543164,0.04594958394517866,High,6,0,0,0,36,2026,5,10,7,Sunday,True
IG_000365,یہ عبایا بہت خوبصورت ہے smiling_face_with_heart eyes fashion fashion,luxury,urdu,False,"Lahore, Pakistan",False,32832,8571,811,9382,0.26104833551609663,0.09461035930937937,High,9,1,1,0,68,2026,5,10,8,Sunday,True
IG_000366,love these shoes red_heart ا حب هذا التصميم,modest,mixed,True,"Doha, Qatar",False,44560,4919,89,5008,0.11038800745046116,0.018089430894308943,High,8,1,0,0,43,2026,5,10,9,Sunday,True
IG_000367,love this oversized blazer smiling_face_with_heart eyes fashion streetstyle streetstyle fashion,modest,english,False,"London, UK",False,48723,8034,174,8208,0.1648879402347919,0.02165525824517735,High,10,1,2,0,95,2026,5,10,9,Sunday,True
IG_000368,j adore cette robe e le gante sparkles mode new drop mode,streetwear,french,False,"Paris, France",False,380310,25087,2798,27885,0.06596443437081757,0.11152742346938775,Medium,12,1,1,0,57,2026,5,10,10,Sunday,True
IG_000369,j adore cette robe e le gante sparkles mode mode,streetwear,french,False,"Paris, France",False,234338,40251,2536,42787,0.17176398294778078,0.06300308059226871,High,10,1,1,0,48,2026,5,10,10,Sunday,True
IG_000370,me encanta este vestido smiling_face_with_heart eyes moda moda,streetwear,spanish,False,"Madrid, Spain",False,289219,18340,1568,19908,0.06341193555079179,0.08549152172727768,Medium,8,1,1,0,62,2026,5,10,11,Sunday,True
IG_000371,مجھے یہ لباس بہت پسند ا یا new drop,streetwear,urdu,False,"Lahore, Pakistan",False,421067,25072,2921,27993,0.059543826650327265,0.11649982052406972,Medium,9,0,0,0,35,2026,5,10,12,Sunday,True
IG_000372,ا حب هذا اللوك كثيرا,sportswear,arabic,False,"Dubai, UAE",False,297064,17728,736,18464,0.05967717502903405,0.04151390377347848,Medium,5,0,0,0,20,2026,5,10,12,Sunday,True
IG_000373,summer linen set is everything visit zara,sportswear,english,False,"London, UK",False,408678,34701,1464,36165,0.0849101617651017,0.042187770157339634,Medium,7,0,0,1,41,2026,5,10,13,Sunday,True
IG_000374,amazing style fire هذا اللوك راي ع zara,casual,mixed,True,"Doha, Qatar",False,126933,3669,898,4567,0.028904785163943465,0.2446866485013624,Low,8,1,0,1,39,2026,5,10,14,Sunday,True
IG_000375,nuevo look para el verano,casual,spanish,False,"Madrid, Spain",False,311150,45724,1469,47193,0.14695115876214443,0.03212684527063969,High,5,0,0,0,25,2026,5,10,14,Sunday,True
IG_000376,me encanta este vestido smiling_face_with_heart eyes moda moda zara,luxury,spanish,False,"Madrid, Spain",False,295992,32263,2220,34483,0.10899919930538898,0.06880733944954129,High,9,1,1,1,67,2026,5,10,15,Sunday,True
IG_000377,هذا الفستان راي ع sparkles موضة موضة zara,vintage,arabic,False,"Dubai, UAE",True,315944,31330,2,31332,0.09916282897339727,6.383454087006479e-05,Medium,8,1,1,1,41,2026,5,10,15,Sunday,True
IG_000378,هذا الفستان راي ع sparkles موضة موضة,modest,arabic,False,"Dubai, UAE",False,482205,3908,89,3997,0.008104420102611747,0.02276797134817089,Low,7,1,1,0,36,2026,5,10,16,Sunday,True
IG_000379,یہ عبایا بہت خوبصورت ہے smiling_face_with_heart eyes fashion fashion,casual,urdu,False,"Lahore, Pakistan",False,38527,25930,2400,28330,0.673017026578073,0.09255331456557787,High,9,1,1,0,68,2026,5,10,17,Sunday,True
IG_000380,summer linen set is everything visit,casual,english,False,"London, UK",False,384463,31934,2659,34593,0.08306109284614424,0.0832628777203695,Medium,6,0,0,0,36,2026,5,10,17,Sunday,True
IG_000381,هذا الفستان راي ع sparkles موضة موضة,modest,arabic,False,"Dubai, UAE",False,487482,14635,2726,17361,0.030021559726185323,0.18625307461054932,Low,7,1,1,0,36,2026,5,10,18,Sunday,True
IG_000382,me encanta este vestido smiling_face_with_heart eyes moda moda zara,streetwear,spanish,False,"Madrid, Spain",False,67267,46011,2346,48357,0.6839953618362371,0.05098669912196818,High,9,1,1,1,67,2026,5,10,18,Sunday,True
IG_000383,j adore cette robe e le gante sparkles mode new drop mode zara,vintage,french,False,"Paris, France",False,321039,6827,2032,8859,0.021265262895589335,0.29759812536613944,Low,13,1,1,1,62,2026,5,10,19,Sunday,True
IG_000384,مجھے یہ لباس بہت پسند ا یا zara,streetwear,urdu,False,"Lahore, Pakistan",False,168019,46467,2744,49211,0.27655636233781694,0.059051390204011366,High,8,0,0,1,31,2026,5,10,20,Sunday,True
IG_000385,weekend vibes smiling_face_with_heart eyes یہ رنگ بہت خوبصورت ہے zara,modest,mixed,True,"Manchester, UK",False,363923,7085,2950,10035,0.019468350534727032,0.41631385831216483,Low,10,1,0,1,69,2026,5,10,20,Sunday,True
IG_000386,love this oversized blazer smiling_face_with_heart eyes fashion streetstyle streetstyle fashion,sportswear,english,False,"London, UK",False,87709,24824,1438,26262,0.28302360050165315,0.05792547834843907,High,10,1,2,0,95,2026,5,10,21,Sunday,True
IG_000387,nuevo look para el verano,casual,spanish,False,"Madrid, Spain",False,303567,14788,666,15454,0.04871396194592315,0.04503347082290892,Medium,5,0,0,0,25,2026,5,10,22,Sunday,True
IG_000388,j adore cette robe e le gante sparkles mode mode zara,streetwear,french,False,"Paris, France",False,167599,4867,1400,6267,0.029039379474940334,0.2875924404272802,Low,11,1,1,1,53,2026,5,10,22,Sunday,True
IG_000389,مجھے یہ لباس بہت پسند ا یا new drop,modest,urdu,False,"Lahore, Pakistan",False,471375,38935,2513,41448,0.08259860493533824,0.06454181220464351,Medium,9,0,0,0,35,2026,5,10,23,Sunday,True
IG_000390,j adore cette robe e le gante sparkles mode mode,streetwear,french,False,"Paris, France",False,466986,6641,1356,7997,0.014220952617524684,0.2041553748870822,Low,10,1,1,0,48,2026,5,10,23,Sunday,True
IG_000391,یہ عبایا بہت خوبصورت ہے smiling_face_with_heart eyes fashion fashion,casual,urdu,False,"Lahore, Pakistan",False,383216,18454,1218,19672,0.04815548370766433,0.06599837442427527,Medium,9,1,1,0,68,2026,5,11,0,Monday,False
IG_000392,zara,modest,urdu,False,"Lahore, Pakistan",False,257898,255,1751,2006,0.0009887591654097146,6.83984375,Low,1,0,0,1,4,2026,5,11,1,Monday,False
IG_000393,summer linen set is everything visit zara,luxury,english,False,"London, UK",False,105187,11200,2614,13814,0.10647602388105107,0.23337202035532542,High,7,0,0,1,41,2026,5,11,1,Monday,False
IG_000394,هذا الفستان راي ع sparkles موضة موضة,casual,arabic,False,"Dubai, UAE",False,208887,17372,373,17745,0.08316418367737735,0.021470097277384446,Medium,7,1,1,0,36,2026,5,11,2,Monday,False
IG_000395,weekend vibes smiling_face_with_heart eyes یہ رنگ بہت خوبصورت ہے new drop zara,sportswear,mixed,True,"Manchester, UK",False,234214,30483,1078,31561,0.13014964882693253,0.03536281327909723,High,12,1,0,1,78,2026,5,11,2,Monday,False
IG_000396,مجھے یہ لباس بہت پسند ا یا zara,casual,urdu,False,"Lahore, Pakistan",False,350445,22535,2217,24752,0.06430377290652482,0.09837593184238552,Medium,8,0,0,1,31,2026,5,11,3,Monday,False
IG_000397,j adore cette robe e le gante sparkles mode mode,casual,french,False,"Paris, France",False,219983,31123,2345,33468,0.14147847116153903,0.07534378614573962,High,10,1,1,0,48,2026,5,11,4,Monday,False
IG_000398,مجھے یہ لباس بہت پسند ا یا zara,vintage,urdu,False,"Lahore, Pakistan",False,375001,33875,2340,36215,0.09033285155812502,0.06907545164718384,Medium,8,0,0,1,31,2026,5,11,4,Monday,False
IG_000399,love this outfit red_heart مجھے یہ look بہت پسند ا یا,luxury,mixed,True,"Manchester, UK",False,88142,8274,174,8448,0.09387018821687484,0.021027190332326286,Medium,11,1,0,0,53,2026,5,11,5,Monday,False
IG_000400,j adore cette robe e le gante sparkles mode mode,vintage,french,False,"Paris, France",False,431760,16905,1309,18214,0.039153605814327835,0.07742813202413344,Low,10,1,1,0,48,2026,5,11,6,Monday,False
IG_000401,love this outfit red_heart مجھے یہ look بہت پسند ا یا,vintage,mixed,True,"Manchester, UK",False,171484,30030,50,30080,0.17511735720325394,0.0016649462222370218,High,11,1,0,0,53,2026,5,11,6,Monday,False
IG_000402,love these shoes red_heart ا حب هذا التصميم,streetwear,mixed,True,"Doha, Qatar",False,308746,6927,2304,9231,0.022435845530482886,0.3325635103926097,Low,8,1,0,0,43,2026,5,11,7,Monday,False
IG_000403,amazing style fire هذا اللوك راي ع,sportswear,mixed,True,"Doha, Qatar",False,460769,42917,1988,44905,0.09314191462117759,0.04632089100144462,Medium,7,1,0,0,34,2026,5,11,7,Monday,False
IG_000404,,casual,spanish,False,"Madrid, Spain",False,324638,26332,158,26490,0.08111163476969803,0.006000075950328485,Medium,0,0,0,0,0,2026,5,11,8,Monday,False
IG_000405,nouvelle collection disponible zara,modest,french,False,"Paris, France",False,483282,1330,1383,2713,0.002752010726634291,1.039068369646882,Low,4,0,0,1,35,2026,5,11,9,Monday,False
IG_000406,love these shoes red_heart ا حب هذا التصميم zara,luxury,mixed,True,"Doha, Qatar",False,359559,8812,1230,10042,0.02450773167204361,0.13956654941563598,Low,9,1,0,1,48,2026,5,11,9,Monday,False
IG_000407,weekend vibes smiling_face_with_heart eyes یہ رنگ بہت خوبصورت ہے,streetwear,mixed,True,"Manchester, UK",False,219008,12321,1809,14130,0.05625796200156158,0.14681058269761402,Medium,9,1,0,0,64,2026,5,11,10,Monday,False
IG_000408,مجھے یہ لباس بہت پسند ا یا zara,luxury,urdu,False,"Lahore, Pakistan",False,430949,4305,1274,5579,0.009989557953358858,0.29586623316302835,Low,8,0,0,1,31,2026,5,11,10,Monday,False
IG_000409,weekend vibes smiling_face_with_heart eyes یہ رنگ بہت خوبصورت ہے zara,luxury,mixed,True,"Manchester, UK",False,15677,3781,1021,4802,0.24116596504656207,0.26996298254891593,High,10,1,0,1,69,2026,5,11,11,Monday,False
IG_000410,,sportswear,english,False,"London, UK",False,144143,33108,1625,34733,0.22968697968697968,0.04908031048959497,High,0,0,0,0,0,2026,5,11,12,Monday,False
IG_000411,love this outfit red_heart مجھے یہ look بہت پسند ا یا,sportswear,mixed,True,"Manchester, UK",False,311949,38466,2258,40724,0.12330822247154993,0.05869966464762004,High,11,1,0,0,53,2026,5,11,12,Monday,False
IG_000412,ا حب هذا اللوك كثيرا new drop zara,streetwear,arabic,False,"Dubai, UAE",False,361656,25338,203,25541,0.07006085876949707,0.00801136587868503,Medium,8,0,0,1,34,2026,5,11,13,Monday,False
IG_000413,یہ عبایا بہت خوبصورت ہے smiling_face_with_heart eyes fashion fashion zara,sportswear,urdu,False,"Lahore, Pakistan",False,108886,33643,82,33725,0.3089716862435369,0.002437284508381881,High,10,1,1,1,73,2026,5,11,14,Monday,False
IG_000414,amazing style fire هذا اللوك راي ع,luxury,mixed,True,"Doha, Qatar",False,315671,16545,2491,19036,0.05241199726298183,0.15054998186872962,Medium,7,1,0,0,34,2026,5,11,14,Monday,False
IG_000415,love these shoes red_heart ا حب هذا التصميم,modest,mixed,True,"Doha, Qatar",False,222696,30085,1032,31117,0.13509387194259465,0.03430166855015622,High,8,1,0,0,43,2026,5,11,15,Monday,False
IG_000416,مجھے یہ لباس بہت پسند ا یا,streetwear,urdu,False,"Lahore, Pakistan",False,208722,33527,2713,36240,0.16062915922059381,0.08091744213791457,High,7,0,0,0,26,2026,5,11,15,Monday,False
IG_000417,love these shoes red_heart ا حب هذا التصميم,sportswear,mixed,True,"Doha, Qatar",False,156987,4188,1377,5565,0.026677198257191632,0.3287180711386966,Low,8,1,0,0,43,2026,5,11,16,Monday,False
IG_000418,ا حب هذا اللوك كثيرا,modest,arabic,False,"Dubai, UAE",False,499720,12349,614,12963,0.024711789178361525,0.0497165991902834,Low,5,0,0,0,20,2026,5,11,17,Monday,False
IG_000419,me encanta este vestido smiling_face_with_heart eyes moda moda,casual,spanish,False,"Madrid, Spain",False,168054,1673,2684,4357,0.009955074231650353,1.6033452807646356,Low,8,1,1,0,62,2026,5,11,17,Monday,False
IG_000420,nouvelle collection disponible zara,casual,french,False,"Paris, France",False,386759,37494,777,38271,0.09694384114179336,0.020722763035071343,Medium,4,0,0,1,35,2026,5,11,18,Monday,False
IG_000421,هذا الفستان راي ع sparkles موضة موضة,modest,arabic,False,"Dubai, UAE",False,475780,33252,1229,34481,0.06988929780718439,0.03695907136198238,Medium,7,1,1,0,36,2026,5,11,19,Monday,False
IG_000422,amazing style fire هذا اللوك راي ع,casual,mixed,True,"Doha, Qatar",False,51672,16956,2970,19926,0.32814042149671974,0.17514890605649583,High,7,1,0,0,34,2026,5,11,19,Monday,False
IG_000423,amazing style fire هذا اللوك راي ع,casual,mixed,True,"Doha, Qatar",False,117024,20130,1722,21852,0.17201452681051058,0.0855397148676171,High,7,1,0,0,34,2026,5,11,20,Monday,False
IG_000424,love these shoes red_heart ا حب هذا التصميم zara,streetwear,mixed,True,"Doha, Qatar",False,446781,41580,2390,43970,0.093065521887632,0.057478175128063295,Medium,9,1,0,1,48,2026,5,11,20,Monday,False
IG_000425,me encanta este vestido smiling_face_with_heart eyes moda moda,vintage,spanish,False,"Madrid, Spain",False,455318,19558,1692,21250,0.0429545000318458,0.08650749015798354,Low,8,1,1,0,62,2026,5,11,21,Monday,False
IG_000426,love this oversized blazer smiling_face_with_heart eyes fashion streetstyle streetstyle fashion,sportswear,english,False,"London, UK",False,299031,9391,1295,10686,0.031404665721394366,0.1378833049403748,Low,10,1,2,0,95,2026,5,11,22,Monday,False
IG_000427,amazing style fire هذا اللوك راي ع,streetwear,mixed,True,"Doha, Qatar",False,93206,313,1851,2164,0.003358116879633504,5.8949044585987265,Low,7,1,0,0,34,2026,5,11,22,Monday,False
IG_000428,هذا الفستان راي ع sparkles موضة موضة,streetwear,arabic,False,"Dubai, UAE",False,83565,8485,2516,11001,0.10153651006390159,0.29648833372613714,High,7,1,1,0,36,2026,5,11,23,Monday,False
IG_000429,nouvelle collection disponible,casual,french,False,"Paris, France",False,20278,24456,57,24513,1.205976626066374,0.0023306210900764608,High,3,0,0,0,30,2026,5,11,23,Monday,False
IG_000430,zara,modest,arabic,False,"Dubai, UAE",False,130954,20458,528,20986,0.15622160284067046,0.025807712986949508,High,1,0,0,1,4,2026,5,12,0,Tuesday,False
IG_000431,summer linen set is everything visit zara,modest,english,False,"London, UK",False,432431,29884,2981,32865,0.06910681910681911,0.0997490379789192,Medium,7,0,0,1,41,2026,5,12,1,Tuesday,False
IG_000432,nuevo look para el verano,sportswear,spanish,False,"Madrid, Spain",False,180190,23548,771,24319,0.1306835524526752,0.03274024374708055,High,5,0,0,0,25,2026,5,12,1,Tuesday,False
IG_000433,zara,streetwear,urdu,False,"Lahore, Pakistan",False,69289,38651,2066,40717,0.5578149805166691,0.05345130911725137,High,1,0,0,1,4,2026,5,12,2,Tuesday,False
IG_000434,یہ عبایا بہت خوبصورت ہے smiling_face_with_heart eyes fashion fashion,modest,urdu,False,"Lahore, Pakistan",False,197208,35049,2552,37601,0.1777251545314869,0.07281027104136947,High,9,1,1,0,68,2026,5,12,3,Tuesday,False
IG_000435,love this oversized blazer smiling_face_with_heart eyes fashion streetstyle streetstyle fashion,sportswear,english,False,"London, UK",False,25789,29123,1557,30680,1.1292361380379992,0.0534610630407911,High,10,1,2,0,95,2026,5,12,3,Tuesday,False
IG_000436,summer linen set is everything visit,modest,english,False,"London, UK",False,360025,27587,2710,30297,0.07662502152622311,0.09823111497752646,Medium,6,0,0,0,36,2026,5,12,4,Tuesday,False
IG_000437,summer linen set is everything visit,vintage,english,False,"London, UK",False,436001,47110,2530,49640,0.10804996307356388,0.05370295684659634,High,6,0,0,0,36,2026,5,12,4,Tuesday,False
IG_000438,summer linen set is everything visit zara,modest,english,False,"London, UK",False,319792,34289,826,35115,0.10722248454468984,0.024088655584718576,High,7,0,0,1,41,2026,5,12,5,Tuesday,False
IG_000439,ا حب هذا اللوك كثيرا zara,sportswear,arabic,False,"Dubai, UAE",False,477789,21671,960,22631,0.04535674668787543,0.044296788482835,Low,6,0,0,1,25,2026,5,12,6,Tuesday,False
IG_000440,love this oversized blazer smiling_face_with_heart eyes fashion streetstyle streetstyle fashion,streetwear,english,False,"London, UK",False,351260,33540,307,33847,0.09548455422036606,0.009152976953579202,Medium,10,1,2,0,95,2026,5,12,6,Tuesday,False
IG_000441,love this outfit red_heart مجھے یہ look بہت پسند ا یا zara,streetwear,mixed,True,"Manchester, UK",False,155700,6546,715,7261,0.04204211918998593,0.10921032533985031,Low,12,1,0,1,58,2026,5,12,7,Tuesday,False
IG_000442,amazing style fire هذا اللوك راي ع,streetwear,mixed,True,"Doha, Qatar",False,164448,6230,187,6417,0.03788408564357339,0.03001123415182154,Low,7,1,0,0,34,2026,5,12,7,Tuesday,False
IG_000443,love this oversized blazer smiling_face_with_heart eyes fashion streetstyle streetstyle fashion,vintage,english,False,"London, UK",False,469490,17588,380,17968,0.03746184697896232,0.021604411848314287,Low,10,1,2,0,95,2026,5,12,8,Tuesday,False
IG_000444,ا حب هذا اللوك كثيرا new drop zara,sportswear,arabic,False,"Dubai, UAE",False,239857,45218,1958,47176,0.18851987425893654,0.043300382582542735,High,8,0,0,1,34,2026,5,12,9,Tuesday,False
IG_000445,love these shoes red_heart ا حب هذا التصميم,luxury,mixed,True,"Doha, Qatar",False,365493,6801,1704,8505,0.01860769260234094,0.25051455454278154,Low,8,1,0,0,43,2026,5,12,9,Tuesday,False
IG_000446,nuevo look para el verano,modest,spanish,False,"Madrid, Spain",False,321009,40070,118,40188,0.12482477181396218,0.002944773027875521,High,5,0,0,0,25,2026,5,12,10,Tuesday,False
IG_000447,amazing style fire هذا اللوك راي ع,streetwear,mixed,True,"Doha, Qatar",False,216131,17150,2682,19832,0.07934965669128126,0.15637572153227217,Medium,7,1,0,0,34,2026,5,12,11,Tuesday,False
IG_000448,هذا الفستان راي ع sparkles موضة موضة,vintage,arabic,False,"Dubai, UAE",False,390373,14684,2743,17427,0.037615210029356465,0.18678924072182498,Low,7,1,1,0,36,2026,5,12,11,Tuesday,False
IG_000449,love these shoes red_heart ا حب هذا التصميم,casual,mixed,True,"Doha, Qatar",False,50434,16295,1973,18268,0.32308912461584216,0.1210726558664703,High,8,1,0,0,43,2026,5,12,12,Tuesday,False
IG_000450,ا حب هذا اللوك كثيرا zara,casual,arabic,False,"Dubai, UAE",False,321843,10289,2070,12359,0.031968904189607385,0.20116618075801748,Low,6,0,0,1,25,2026,5,12,12,Tuesday,False
IG_000451,love these shoes red_heart ا حب هذا التصميم,modest,mixed,True,"Doha, Qatar",True,258265,18234,206,18440,0.07060162777911146,0.011296956402522621,Medium,8,1,0,0,43,2026,5,12,13,Tuesday,False
IG_000452,me encanta este vestido smiling_face_with_heart eyes moda moda zara,sportswear,spanish,False,"Madrid, Spain",False,123707,37559,1835,39394,0.3036101141397484,0.04885516506922258,High,9,1,1,1,67,2026,5,12,14,Tuesday,False
IG_000453,summer linen set is everything visit,streetwear,english,False,"London, UK",False,391219,26444,1688,28132,0.06759368130463678,0.06383059179429004,Medium,6,0,0,0,36,2026,5,12,14,Tuesday,False
IG_000454,love this oversized blazer smiling_face_with_heart eyes fashion streetstyle streetstyle fashion,vintage,english,False,"London, UK",False,334753,36858,847,37705,0.11010473362528901,0.022979462275156678,High,10,1,2,0,95,2026,5,12,15,Tuesday,False
IG_000455,weekend vibes smiling_face_with_heart eyes یہ رنگ بہت خوبصورت ہے zara,sportswear,mixed,True,"Manchester, UK",False,428627,21761,2294,24055,0.050768965163265116,0.10541310541310542,Medium,10,1,0,1,69,2026,5,12,15,Tuesday,False
IG_000456,love these shoes red_heart ا حب هذا التصميم zara,casual,mixed,True,"Doha, Qatar",False,60281,14537,8,14545,0.24114992866859095,0.0005502820195350117,High,9,1,0,1,48,2026,5,12,16,Tuesday,False
IG_000457,ا حب هذا اللوك كثيرا,streetwear,arabic,False,"Dubai, UAE",False,196526,10763,2016,12779,0.054766011794817,0.18729096989966554,Medium,5,0,0,0,20,2026,5,12,17,Tuesday,False
IG_000458,مجھے یہ لباس بہت پسند ا یا,sportswear,urdu,False,"Lahore, Pakistan",False,63805,14133,1872,16005,0.22149954549728865,0.13244658270836282,High,7,0,0,0,26,2026,5,12,17,Tuesday,False
IG_000459,amazing style fire هذا اللوك راي ع,casual,mixed,True,"Doha, Qatar",False,24879,38593,504,39097,1.5511655948553054,0.013059024718868217,High,7,1,0,0,34,2026,5,12,18,Tuesday,False
IG_000460,love these shoes red_heart ا حب هذا التصميم,streetwear,mixed,True,"Doha, Qatar",False,71088,34762,198,34960,0.4889926711586884,0.005695710957052038,High,8,1,0,0,43,2026,5,12,19,Tuesday,False
IG_000461,nuevo look para el verano,luxury,spanish,False,"Madrid, Spain",False,410011,45343,2369,47712,0.11058944616255134,0.052245059985885675,High,5,0,0,0,25,2026,5,12,19,Tuesday,False
IG_000462,یہ عبایا بہت خوبصورت ہے smiling_face_with_heart eyes fashion fashion,sportswear,urdu,False,"Lahore, Pakistan",False,463286,27442,2494,29936,0.059233261455641964,0.09087927704697009,Medium,9,1,1,0,68,2026,5,12,20,Tuesday,False
IG_000463,love this outfit red_heart مجھے یہ look بہت پسند ا یا,luxury,mixed,True,"Manchester, UK",False,237921,27054,2467,29521,0.11370953505770799,0.09118462391424875,High,11,1,0,0,53,2026,5,12,20,Tuesday,False
IG_000464,weekend vibes smiling_face_with_heart eyes یہ رنگ بہت خوبصورت ہے,vintage,mixed,True,"Manchester, UK",False,373727,41461,890,42351,0.1109389716585324,0.021465438232598524,High,9,1,0,0,64,2026,5,12,21,Tuesday,False
IG_000465,یہ عبایا بہت خوبصورت ہے smiling_face_with_heart eyes fashion fashion,casual,urdu,False,"Lahore, Pakistan",False,483469,42609,728,43337,0.08813163174550644,0.01708519126965501,Medium,9,1,1,0,68,2026,5,12,22,Tuesday,False
IG_000466,nuevo look para el verano,casual,spanish,False,"Madrid, Spain",False,306058,46543,1709,48252,0.15207198612032322,0.03671794431075971,High,5,0,0,0,25,2026,5,12,22,Tuesday,False
IG_000467,weekend vibes smiling_face_with_heart eyes یہ رنگ بہت خوبصورت ہے zara,sportswear,mixed,True,"Manchester, UK",False,274561,9529,217,9746,0.03470618658080871,0.022770199370409232,Low,10,1,0,1,69,2026,5,12,23,Tuesday,False
IG_000468,love this outfit red_heart مجھے یہ look بہت پسند ا یا new drop zara,streetwear,mixed,True,"Manchester, UK",False,358793,45263,1208,46471,0.12615316867060208,0.026687875574407917,High,14,1,0,1,67,2026,5,12,23,Tuesday,False
IG_000469,یہ عبایا بہت خوبصورت ہے smiling_face_with_heart eyes fashion fashion,vintage,urdu,False,"Lahore, Pakistan",False,455600,14705,2650,17355,0.03227604856003389,0.1801985584115327,Low,9,1,1,0,68,2026,5,13,0,Wednesday,False
IG_000470,nuevo look para el verano zara,sportswear,spanish,False,"Madrid, Spain",False,348886,25403,1706,27109,0.07281154069942417,0.06715477877499607,Medium,6,0,0,1,30,2026,5,13,1,Wednesday,False
IG_000471,love these shoes red_heart ا حب هذا التصميم zara,sportswear,mixed,True,"Doha, Qatar",True,132275,14786,2595,17381,0.11178142671384075,0.1754919862040982,High,9,1,0,1,48,2026,5,13,1,Wednesday,False
IG_000472,weekend vibes smiling_face_with_heart eyes یہ رنگ بہت خوبصورت ہے,luxury,mixed,True,"Manchester, UK",False,103506,19284,1838,21122,0.1863062401576705,0.09530723360124449,High,9,1,0,0,64,2026,5,13,2,Wednesday,False
IG_000473,یہ عبایا بہت خوبصورت ہے smiling_face_with_heart eyes fashion new drop fashion,sportswear,urdu,False,"Lahore, Pakistan",False,63075,18296,2279,20575,0.29006278140655717,0.12455593813193419,High,11,1,1,0,77,2026,5,13,3,Wednesday,False
IG_000474,هذا الفستان راي ع sparkles موضة new drop موضة,luxury,arabic,False,"Dubai, UAE",True,244991,2622,629,3251,0.010702390282131661,0.23980175371711782,Low,9,1,1,0,45,2026,5,13,3,Wednesday,False
IG_000475,هذا الفستان راي ع sparkles موضة موضة,vintage,arabic,False,"Dubai, UAE",False,347521,36060,1466,37526,0.10376321499070562,0.04065333740051579,High,7,1,1,0,36,2026,5,13,4,Wednesday,False
IG_000476,summer linen set is everything visit,sportswear,english,False,"London, UK",False,412725,35596,2199,37795,0.08624608093505134,0.06177486866870804,Medium,6,0,0,0,36,2026,5,13,4,Wednesday,False
IG_000477,j adore cette robe e le gante sparkles mode mode,luxury,french,False,"Paris, France",False,174074,49331,2532,51863,0.2833893436737039,0.05132571150571637,High,10,1,1,0,48,2026,5,13,5,Wednesday,False
IG_000478,nuevo look para el verano,luxury,spanish,False,"Madrid, Spain",True,351216,42096,2513,44609,0.1198575239809007,0.059695465235052377,High,5,0,0,0,25,2026,5,13,6,Wednesday,False
IG_000479,me encanta este vestido smiling_face_with_heart eyes moda moda,streetwear,spanish,False,"Madrid, Spain",False,200449,25293,1050,26343,0.126181092541781,0.04151182098521389,High,8,1,1,0,62,2026,5,13,6,Wednesday,False
IG_000480,,vintage,spanish,False,"Madrid, Spain",False,197086,29205,1993,31198,0.1481832896132165,0.06823940286242552,High,0,0,0,0,0,2026,5,13,7,Wednesday,False
IG_000481,summer linen set is everything visit,luxury,english,False,"London, UK",False,43672,35261,2184,37445,0.8073867149039452,0.06193636208950145,High,6,0,0,0,36,2026,5,13,8,Wednesday,False
IG_000482,love this oversized blazer smiling_face_with_heart eyes fashion streetstyle streetstyle fashion,streetwear,english,False,"London, UK",False,453983,13477,2202,15679,0.029686068231479523,0.16337735569075532,Low,10,1,2,0,95,2026,5,13,8,Wednesday,False
IG_000483,love these shoes red_heart ا حب هذا التصميم zara,casual,mixed,True,"Doha, Qatar",False,81111,21744,155,21899,0.2680737745339777,0.007128075419636698,High,9,1,0,1,48,2026,5,13,9,Wednesday,False
IG_000484,,modest,english,False,"London, UK",False,301945,26719,1589,28308,0.08848933252965763,0.0594685628742515,Medium,0,0,0,0,0,2026,5,13,9,Wednesday,False
IG_000485,nouvelle collection disponible,casual,french,False,"Paris, France",False,62526,47209,2532,49741,0.7550178322964479,0.05363270493539504,High,3,0,0,0,30,2026,5,13,10,Wednesday,False
IG_000486,love this oversized blazer smiling_face_with_heart eyes fashion streetstyle streetstyle fashion zara,casual,english,False,"London, UK",False,264131,19754,2484,22238,0.07478836339406054,0.12574031890660592,Medium,11,1,2,1,100,2026,5,13,11,Wednesday,False
IG_000487,summer linen set is everything visit,sportswear,english,False,"London, UK",False,431528,10249,2185,12434,0.023750431604828412,0.21317073170731707,Low,6,0,0,0,36,2026,5,13,11,Wednesday,False
IG_000488,یہ عبایا بہت خوبصورت ہے smiling_face_with_heart eyes fashion fashion zara,casual,urdu,False,"Lahore, Pakistan",False,332922,47802,2653,50455,0.14358275036570017,0.055498608873920045,High,10,1,1,1,73,2026,5,13,12,Wednesday,False
IG_000489,هذا الفستان راي ع sparkles موضة موضة zara,vintage,arabic,False,"Dubai, UAE",False,22401,25831,2200,28031,1.1530666904740647,0.08516568597088882,High,8,1,1,1,41,2026,5,13,12,Wednesday,False
IG_000490,me encanta este vestido smiling_face_with_heart eyes moda moda,sportswear,spanish,False,"Madrid, Spain",False,381100,42336,2099,44435,0.1110886615359183,0.049578382974702975,High,8,1,1,0,62,2026,5,13,13,Wednesday,False
IG_000491,یہ عبایا بہت خوبصورت ہے smiling_face_with_heart eyes fashion new drop fashion zara,casual,urdu,False,"Lahore, Pakistan",False,102382,37183,222,37405,0.3631755271871307,0.005970309810671257,High,12,1,1,1,82,2026,5,13,14,Wednesday,False
IG_000492,love these shoes red_heart ا حب هذا التصميم zara,luxury,mixed,True,"Doha, Qatar",False,35817,47557,2378,49935,1.3277402423362554,0.05000210269565583,High,9,1,0,1,48,2026,5,13,14,Wednesday,False
IG_000493,nouvelle collection disponible zara,streetwear,french,False,"Paris, France",False,52952,12686,1301,13987,0.23957094026778464,0.10254591313943406,High,4,0,0,1,35,2026,5,13,15,Wednesday,False
IG_000494,nouvelle collection disponible zara,vintage,french,False,"Paris, France",False,306773,23892,1295,25187,0.0778814371491717,0.05419997488804252,Medium,4,0,0,1,35,2026,5,13,16,Wednesday,False
IG_000495,,sportswear,french,False,"Paris, France",False,373897,18137,1472,19609,0.04850788182873404,0.081155584959753,Medium,0,0,0,0,0,2026,5,13,16,Wednesday,False
IG_000496,مجھے یہ لباس بہت پسند ا یا,vintage,urdu,False,"Lahore, Pakistan",False,406701,7137,719,7856,0.017548475296408673,0.10072849537685626,Low,7,0,0,0,26,2026,5,13,17,Wednesday,False
IG_000497,love this outfit red_heart مجھے یہ look بہت پسند ا یا zara,casual,mixed,True,"Manchester, UK",False,103486,5016,2979,7995,0.04846985611719346,0.5937811441100259,Medium,12,1,0,1,58,2026,5,13,17,Wednesday,False
IG_000498,love this oversized blazer smiling_face_with_heart eyes fashion streetstyle streetstyle fashion,vintage,english,False,"London, UK",True,305578,13948,150,14098,0.0456444978221671,0.010753459029321098,Low,10,1,2,0,95,2026,5,13,18,Wednesday,False
IG_000499,nuevo look para el verano zara,sportswear,spanish,False,"Madrid, Spain",False,406926,14639,2415,17054,0.035974511398850405,0.16495901639344263,Low,6,0,0,1,30,2026,5,13,19,Wednesday,False
IG_000500,weekend vibes smiling_face_with_heart eyes یہ رنگ بہت خوبصورت ہے,streetwear,mixed,True,"Manchester, UK",False,208529,43434,978,44412,0.2082865774708675,0.022516403821802693,High,9,1,0,0,64,2026,5,13,19,Wednesday,False
